codigo;departamento;provincia;distrito;activo
060418;CAJAMARCA;CHOTA;TOCMOCHE;1
060416;CAJAMARCA;CHOTA;SAN JUAN DE LICUPIS;1
060406;CAJAMARCA;CHOTA;CHOROPAMPA;1
060419;CAJAMARCA;CHOTA;CHALAMARCA;1
060701;CAJAMARCA;HUALGAYOC;BAMBAMARCA;1
060702;CAJAMARCA;HUALGAYOC;CHUGUR;1
060703;CAJAMARCA;HUALGAYOC;HUALGAYOC;1
060801;CAJAMARCA;JAEN;JAEN;1
060802;CAJAMARCA;JAEN;BELLAVISTA;1
060804;CAJAMARCA;JAEN;COLASAY;1
060803;CAJAMARCA;JAEN;CHONTALI;1
060807;CAJAMARCA;JAEN;POMAHUACA;1
060808;CAJAMARCA;JAEN;PUCARA;1
060809;CAJAMARCA;JAEN;SALLIQUE;1
060810;CAJAMARCA;JAEN;SAN FELIPE;1
060811;CAJAMARCA;JAEN;SAN JOSE DEL ALTO;1
060812;CAJAMARCA;JAEN;SANTA ROSA;1
060806;CAJAMARCA;JAEN;LAS PIRIAS;1
060805;CAJAMARCA;JAEN;HUABAL;1
061301;CAJAMARCA;SANTA CRUZ;SANTA CRUZ;1
061303;CAJAMARCA;SANTA CRUZ;CATACHE;1
061304;CAJAMARCA;SANTA CRUZ;CHANCAYBA—OS;1
061305;CAJAMARCA;SANTA CRUZ;LA ESPERANZA;1
061306;CAJAMARCA;SANTA CRUZ;NINABAMBA;1
061307;CAJAMARCA;SANTA CRUZ;PULAN;1
061309;CAJAMARCA;SANTA CRUZ;SEXI;1
061310;CAJAMARCA;SANTA CRUZ;UTICYACU;1
061311;CAJAMARCA;SANTA CRUZ;YAUYUCAN;1
061302;CAJAMARCA;SANTA CRUZ;ANDABAMBA;1
061308;CAJAMARCA;SANTA CRUZ;SAUCEPAMPA;1
061101;CAJAMARCA;SAN MIGUEL;SAN MIGUEL;1
061103;CAJAMARCA;SAN MIGUEL;CALQUIS;1
061106;CAJAMARCA;SAN MIGUEL;LA FLORIDA;1
061107;CAJAMARCA;SAN MIGUEL;LLAPA;1
061108;CAJAMARCA;SAN MIGUEL;NANCHOC;1
061109;CAJAMARCA;SAN MIGUEL;NIEPOS;1
061110;CAJAMARCA;SAN MIGUEL;SAN GREGORIO;1
061111;CAJAMARCA;SAN MIGUEL;SAN SILVESTRE DE COCHAN;1
061105;CAJAMARCA;SAN MIGUEL;EL PRADO;1
061113;CAJAMARCA;SAN MIGUEL;UNION AGUA BLANCA;1
061112;CAJAMARCA;SAN MIGUEL;TONGOD;1
061104;CAJAMARCA;SAN MIGUEL;CATILLUC;1
061102;CAJAMARCA;SAN MIGUEL;BOLIVAR;1
060901;CAJAMARCA;SAN IGNACIO;SAN IGNACIO;1
060902;CAJAMARCA;SAN IGNACIO;CHIRINOS;1
060903;CAJAMARCA;SAN IGNACIO;HUARANGO;1
060905;CAJAMARCA;SAN IGNACIO;NAMBALLE;1
060904;CAJAMARCA;SAN IGNACIO;LA COIPA;1
060906;CAJAMARCA;SAN IGNACIO;SAN JOSE DE LOURDES;1
060907;CAJAMARCA;SAN IGNACIO;TABACONAS;1
061001;CAJAMARCA;SAN MARCOS;PEDRO GALVEZ;1
061005;CAJAMARCA;SAN MARCOS;ICHOCAN;1
061004;CAJAMARCA;SAN MARCOS;GREGORIO PITA;1
061006;CAJAMARCA;SAN MARCOS;JOSE MANUEL QUIROZ;1
061003;CAJAMARCA;SAN MARCOS;EDUARDO VILLANUEVA;1
061007;CAJAMARCA;SAN MARCOS;JOSE SABOGAL;1
061002;CAJAMARCA;SAN MARCOS;CHANCAY;1
061201;CAJAMARCA;SAN PABLO;SAN PABLO;1
061202;CAJAMARCA;SAN PABLO;SAN BERNARDINO;1
061203;CAJAMARCA;SAN PABLO;SAN LUIS;1
061204;CAJAMARCA;SAN PABLO;TUMBADEN;1
080101;CUSCO;CUSCO;CUSCO;1
080102;CUSCO;CUSCO;CCORCA;1
080103;CUSCO;CUSCO;POROY;1
080104;CUSCO;CUSCO;SAN JERONIMO;1
080105;CUSCO;CUSCO;SAN SEBASTIAN;1
080106;CUSCO;CUSCO;SANTIAGO;1
080107;CUSCO;CUSCO;SAYLLA;1
080108;CUSCO;CUSCO;WANCHAQ;1
080201;CUSCO;ACOMAYO;ACOMAYO;1
080202;CUSCO;ACOMAYO;ACOPIA;1
080203;CUSCO;ACOMAYO;ACOS;1
080205;CUSCO;ACOMAYO;POMACANCHI;1
080206;CUSCO;ACOMAYO;RONDOCAN;1
080207;CUSCO;ACOMAYO;SANGARARA;1
080204;CUSCO;ACOMAYO;MOSOC LLACTA;1
080301;CUSCO;ANTA;ANTA;1
080304;CUSCO;ANTA;CHINCHAYPUJIO;1
080305;CUSCO;ANTA;HUAROCONDO;1
080306;CUSCO;ANTA;LIMATAMBO;1
080307;CUSCO;ANTA;MOLLEPATA;1
080308;CUSCO;ANTA;PUCYURA;1
080309;CUSCO;ANTA;ZURITE;1
080303;CUSCO;ANTA;CACHIMAYO;1
080302;CUSCO;ANTA;ANCAHUASI;1
080401;CUSCO;CALCA;CALCA;1
080402;CUSCO;CALCA;COYA;1
080403;CUSCO;CALCA;LAMAY;1
080404;CUSCO;CALCA;LARES;1
080405;CUSCO;CALCA;PISAC;1
080406;CUSCO;CALCA;SAN SALVADOR;1
080407;CUSCO;CALCA;TARAY;1
080408;CUSCO;CALCA;YANATILE;1
080501;CUSCO;CANAS;YANAOCA;1
080502;CUSCO;CANAS;CHECCA;1
080503;CUSCO;CANAS;KUNTURKANKI;1
080504;CUSCO;CANAS;LANGUI;1
080505;CUSCO;CANAS;LAYO;1
080506;CUSCO;CANAS;PAMPAMARCA;1
080507;CUSCO;CANAS;QUEHUE;1
080508;CUSCO;CANAS;TUPAC AMARU;1
080601;CUSCO;CANCHIS;SICUANI;1
080603;CUSCO;CANCHIS;COMBAPATA;1
080602;CUSCO;CANCHIS;CHECACUPE;1
080604;CUSCO;CANCHIS;MARANGANI;1
080605;CUSCO;CANCHIS;PITUMARCA;1
080606;CUSCO;CANCHIS;SAN PABLO;1
080607;CUSCO;CANCHIS;SAN PEDRO;1
080608;CUSCO;CANCHIS;TINTA;1
080701;CUSCO;CHUMBIVILCAS;SANTO TOMAS;1
080702;CUSCO;CHUMBIVILCAS;CAPACMARCA;1
080704;CUSCO;CHUMBIVILCAS;COLQUEMARCA;1
080703;CUSCO;CHUMBIVILCAS;CHAMACA;1
080705;CUSCO;CHUMBIVILCAS;LIVITACA;1
080706;CUSCO;CHUMBIVILCAS;LLUSCO;1
080707;CUSCO;CHUMBIVILCAS;QUI—OTA;1
080708;CUSCO;CHUMBIVILCAS;VELILLE;1
080801;CUSCO;ESPINAR;ESPINAR;1
080802;CUSCO;ESPINAR;CONDOROMA;1
080803;CUSCO;ESPINAR;COPORAQUE;1
080804;CUSCO;ESPINAR;OCORURO;1
080805;CUSCO;ESPINAR;PALLPATA;1
080806;CUSCO;ESPINAR;PICHIGUA;1
080807;CUSCO;ESPINAR;SUYCKUTAMBO;1
080808;CUSCO;ESPINAR;ALTO PICHIGUA;1
080901;CUSCO;LA CONVENCION;SANTA ANA;1
080902;CUSCO;LA CONVENCION;ECHARATE;1
080903;CUSCO;LA CONVENCION;HUAYOPATA;1
080904;CUSCO;LA CONVENCION;MARANURA;1
080905;CUSCO;LA CONVENCION;OCOBAMBA;1
080908;CUSCO;LA CONVENCION;SANTA TERESA;1
080909;CUSCO;LA CONVENCION;VILCABAMBA;1
080906;CUSCO;LA CONVENCION;QUELLOUNO;1
080907;CUSCO;LA CONVENCION;KIMBIRI;1
080910;CUSCO;LA CONVENCION;PICHARI;1
081001;CUSCO;PARURO;PARURO;1
081002;CUSCO;PARURO;ACCHA;1
081003;CUSCO;PARURO;CCAPI;1
081004;CUSCO;PARURO;COLCHA;1
081005;CUSCO;PARURO;HUANOQUITE;1
081006;CUSCO;PARURO;OMACHA;1
081009;CUSCO;PARURO;YAURISQUE;1
081007;CUSCO;PARURO;PACCARITAMBO;1
081008;CUSCO;PARURO;PILLPINTO;1
081101;CUSCO;PAUCARTAMBO;PAUCARTAMBO;1
081102;CUSCO;PAUCARTAMBO;CAICAY;1
081104;CUSCO;PAUCARTAMBO;COLQUEPATA;1
081103;CUSCO;PAUCARTAMBO;CHALLABAMBA;1
081106;CUSCO;PAUCARTAMBO;KOS—IPATA;1
081105;CUSCO;PAUCARTAMBO;HUANCARANI;1
081201;CUSCO;QUISPICANCHI;URCOS;1
081202;CUSCO;QUISPICANCHI;ANDAHUAYLILLAS;1
081203;CUSCO;QUISPICANCHI;CAMANTI;1
081204;CUSCO;QUISPICANCHI;CCARHUAYO;1
081205;CUSCO;QUISPICANCHI;CCATCA;1
081206;CUSCO;QUISPICANCHI;CUSIPATA;1
081207;CUSCO;QUISPICANCHI;HUARO;1
081208;CUSCO;QUISPICANCHI;LUCRE;1
081209;CUSCO;QUISPICANCHI;MARCAPATA;1
081210;CUSCO;QUISPICANCHI;OCONGATE;1
010101;AMAZONAS;CHACHAPOYAS;CHACHAPOYAS;1
010102;AMAZONAS;CHACHAPOYAS;ASUNCION;1
010103;AMAZONAS;CHACHAPOYAS;BALSAS;1
010104;AMAZONAS;CHACHAPOYAS;CHETO;1
010105;AMAZONAS;CHACHAPOYAS;CHILIQUIN;1
010106;AMAZONAS;CHACHAPOYAS;CHUQUIBAMBA;1
010107;AMAZONAS;CHACHAPOYAS;GRANADA;1
010108;AMAZONAS;CHACHAPOYAS;HUANCAS;1
010109;AMAZONAS;CHACHAPOYAS;LA JALCA;1
010110;AMAZONAS;CHACHAPOYAS;LEIMEBAMBA;1
010111;AMAZONAS;CHACHAPOYAS;LEVANTO;1
010112;AMAZONAS;CHACHAPOYAS;MAGDALENA;1
010113;AMAZONAS;CHACHAPOYAS;MARISCAL CASTILLA;1
010114;AMAZONAS;CHACHAPOYAS;MOLINOPAMPA;1
010115;AMAZONAS;CHACHAPOYAS;MONTEVIDEO;1
010116;AMAZONAS;CHACHAPOYAS;OLLEROS;1
010117;AMAZONAS;CHACHAPOYAS;QUINJALCA;1
010118;AMAZONAS;CHACHAPOYAS;SAN FRANCISCO DE DAGUAS;1
010119;AMAZONAS;CHACHAPOYAS;SAN ISIDRO DE MAINO;1
010120;AMAZONAS;CHACHAPOYAS;SOLOCO;1
010121;AMAZONAS;CHACHAPOYAS;SONCHE;1
010206;AMAZONAS;BAGUA;LA PECA;1
010202;AMAZONAS;BAGUA;ARAMANGO;1
010203;AMAZONAS;BAGUA;COPALLIN;1
010204;AMAZONAS;BAGUA;EL PARCO;1
010201;AMAZONAS;BAGUA;BAGUA;1
010205;AMAZONAS;BAGUA;IMAZA;1
010301;AMAZONAS;BONGARA;JUMBILLA;1
010304;AMAZONAS;BONGARA;COROSHA;1
010305;AMAZONAS;BONGARA;CUISPES;1
010302;AMAZONAS;BONGARA;CHISQUILLA;1
010303;AMAZONAS;BONGARA;CHURUJA;1
010306;AMAZONAS;BONGARA;FLORIDA;1
010308;AMAZONAS;BONGARA;RECTA;1
010309;AMAZONAS;BONGARA;SAN CARLOS;1
010310;AMAZONAS;BONGARA;SHIPASBAMBA;1
010311;AMAZONAS;BONGARA;VALERA;1
010312;AMAZONAS;BONGARA;YAMBRASBAMBA;1
010307;AMAZONAS;BONGARA;JAZAN;1
010501;AMAZONAS;LUYA;LAMUD;1
010502;AMAZONAS;LUYA;CAMPORREDONDO;1
010503;AMAZONAS;LUYA;COCABAMBA;1
010504;AMAZONAS;LUYA;COLCAMAR;1
010505;AMAZONAS;LUYA;CONILA;1
010506;AMAZONAS;LUYA;INGUILPATA;1
010507;AMAZONAS;LUYA;LONGUITA;1
010508;AMAZONAS;LUYA;LONYA CHICO;1
010509;AMAZONAS;LUYA;LUYA;1
010510;AMAZONAS;LUYA;LUYA VIEJO;1
010511;AMAZONAS;LUYA;MARIA;1
010512;AMAZONAS;LUYA;OCALLI;1
010513;AMAZONAS;LUYA;OCUMAL;1
010514;AMAZONAS;LUYA;PISUQUIA;1
010516;AMAZONAS;LUYA;SAN CRISTOBAL;1
010517;AMAZONAS;LUYA;SAN FRANCISCO DE YESO;1
010518;AMAZONAS;LUYA;SAN JERONIMO;1
010519;AMAZONAS;LUYA;SAN JUAN DE LOPECANCHA;1
010520;AMAZONAS;LUYA;SANTA CATALINA;1
010521;AMAZONAS;LUYA;SANTO TOMAS;1
010522;AMAZONAS;LUYA;TINGO;1
010523;AMAZONAS;LUYA;TRITA;1
010515;AMAZONAS;LUYA;PROVIDENCIA;1
010601;AMAZONAS;RODRIGUEZ DE MENDOZA;SAN NICOLAS;1
010603;AMAZONAS;RODRIGUEZ DE MENDOZA;COCHAMAL;1
010602;AMAZONAS;RODRIGUEZ DE MENDOZA;CHIRIMOTO;1
010604;AMAZONAS;RODRIGUEZ DE MENDOZA;HUAMBO;1
010605;AMAZONAS;RODRIGUEZ DE MENDOZA;LIMABAMBA;1
010606;AMAZONAS;RODRIGUEZ DE MENDOZA;LONGAR;1
010608;AMAZONAS;RODRIGUEZ DE MENDOZA;MILPUCC;1
010607;AMAZONAS;RODRIGUEZ DE MENDOZA;MARISCAL BENAVIDES;1
010609;AMAZONAS;RODRIGUEZ DE MENDOZA;OMIA;1
010610;AMAZONAS;RODRIGUEZ DE MENDOZA;SANTA ROSA;1
010611;AMAZONAS;RODRIGUEZ DE MENDOZA;TOTORA;1
010612;AMAZONAS;RODRIGUEZ DE MENDOZA;VISTA ALEGRE;1
010401;AMAZONAS;CONDORCANQUI;NIEVA;1
010403;AMAZONAS;CONDORCANQUI;RIO SANTIAGO;1
010402;AMAZONAS;CONDORCANQUI;EL CENEPA;1
010701;AMAZONAS;UTCUBAMBA;BAGUA GRANDE;1
010702;AMAZONAS;UTCUBAMBA;CAJARURO;1
010703;AMAZONAS;UTCUBAMBA;CUMBA;1
010704;AMAZONAS;UTCUBAMBA;EL MILAGRO;1
010705;AMAZONAS;UTCUBAMBA;JAMALCA;1
010706;AMAZONAS;UTCUBAMBA;LONYA GRANDE;1
010707;AMAZONAS;UTCUBAMBA;YAMON;1
020101;ANCASH;HUARAZ;HUARAZ;1
020105;ANCASH;HUARAZ;INDEPENDENCIA;1
020102;ANCASH;HUARAZ;COCHABAMBA;1
020103;ANCASH;HUARAZ;COLCABAMBA;1
020104;ANCASH;HUARAZ;HUANCHAY;1
020106;ANCASH;HUARAZ;JANGAS;1
020107;ANCASH;HUARAZ;LA LIBERTAD;1
020108;ANCASH;HUARAZ;OLLEROS;1
020109;ANCASH;HUARAZ;PAMPAS GRANDE;1
020110;ANCASH;HUARAZ;PARIACOTO;1
020111;ANCASH;HUARAZ;PIRA;1
020112;ANCASH;HUARAZ;TARICA;1
020201;ANCASH;AIJA;AIJA;1
020202;ANCASH;AIJA;CORIS;1
020203;ANCASH;AIJA;HUACLLAN;1
020204;ANCASH;AIJA;LA MERCED;1
020205;ANCASH;AIJA;SUCCHA;1
020501;ANCASH;BOLOGNESI;CHIQUIAN;1
020502;ANCASH;BOLOGNESI;ABELARDO PARDO LEZAMETA;1
020504;ANCASH;BOLOGNESI;AQUIA;1
020505;ANCASH;BOLOGNESI;CAJACAY;1
020510;ANCASH;BOLOGNESI;HUAYLLACAYAN;1
020509;ANCASH;BOLOGNESI;HUASTA;1
020512;ANCASH;BOLOGNESI;MANGAS;1
020513;ANCASH;BOLOGNESI;PACLLON;1
020514;ANCASH;BOLOGNESI;SAN MIGUEL DE CORPANQUI;1
020515;ANCASH;BOLOGNESI;TICLLOS;1
020503;ANCASH;BOLOGNESI;ANTONIO RAIMONDI;1
020506;ANCASH;BOLOGNESI;CANIS;1
020507;ANCASH;BOLOGNESI;COLQUIOC;1
020511;ANCASH;BOLOGNESI;LA PRIMAVERA;1
020508;ANCASH;BOLOGNESI;HUALLANCA;1
020601;ANCASH;CARHUAZ;CARHUAZ;1
020602;ANCASH;CARHUAZ;ACOPAMPA;1
020603;ANCASH;CARHUAZ;AMASHCA;1
020604;ANCASH;CARHUAZ;ANTA;1
020605;ANCASH;CARHUAZ;ATAQUERO;1
020606;ANCASH;CARHUAZ;MARCARA;1
020607;ANCASH;CARHUAZ;PARIAHUANCA;1
020608;ANCASH;CARHUAZ;SAN MIGUEL DE ACO;1
020609;ANCASH;CARHUAZ;SHILLA;1
020610;ANCASH;CARHUAZ;TINCO;1
020611;ANCASH;CARHUAZ;YUNGAR;1
020801;ANCASH;CASMA;CASMA;1
020802;ANCASH;CASMA;BUENA VISTA ALTA;1
020803;ANCASH;CASMA;COMANDANTE NOEL;1
020804;ANCASH;CASMA;YAUTAN;1
020901;ANCASH;CORONGO;CORONGO;1
020902;ANCASH;CORONGO;ACO;1
020903;ANCASH;CORONGO;BAMBAS;1
020904;ANCASH;CORONGO;CUSCA;1
020905;ANCASH;CORONGO;LA PAMPA;1
020906;ANCASH;CORONGO;YANAC;1
020907;ANCASH;CORONGO;YUPAN;1
021201;ANCASH;HUAYLAS;CARAZ;1
021202;ANCASH;HUAYLAS;HUALLANCA;1
021203;ANCASH;HUAYLAS;HUATA;1
021204;ANCASH;HUAYLAS;HUAYLAS;1
021205;ANCASH;HUAYLAS;MATO;1
021206;ANCASH;HUAYLAS;PAMPAROMAS;1
021207;ANCASH;HUAYLAS;PUEBLO LIBRE;1
021208;ANCASH;HUAYLAS;SANTA CRUZ;1
021210;ANCASH;HUAYLAS;YURACMARCA;1
021209;ANCASH;HUAYLAS;SANTO TORIBIO;1
021001;ANCASH;HUARI;HUARI;1
021003;ANCASH;HUARI;CAJAY;1
021004;ANCASH;HUARI;CHAVIN DE HUANTAR;1
021005;ANCASH;HUARI;HUACACHI;1
021007;ANCASH;HUARI;HUACHIS;1
021006;ANCASH;HUARI;HUACCHIS;1
021008;ANCASH;HUARI;HUANTAR;1
021009;ANCASH;HUARI;MASIN;1
021010;ANCASH;HUARI;PAUCAS;1
021011;ANCASH;HUARI;PONTO;1
021012;ANCASH;HUARI;RAHUAPAMPA;1
021013;ANCASH;HUARI;RAPAYAN;1
021014;ANCASH;HUARI;SAN MARCOS;1
021015;ANCASH;HUARI;SAN PEDRO DE CHANA;1
021016;ANCASH;HUARI;UCO;1
021002;ANCASH;HUARI;ANRA;1
021301;ANCASH;MARISCAL LUZURIAGA;PISCOBAMBA;1
021302;ANCASH;MARISCAL LUZURIAGA;CASCA;1
021307;ANCASH;MARISCAL LUZURIAGA;LUCMA;1
021304;ANCASH;MARISCAL LUZURIAGA;FIDEL OLIVAS ESCUDERO;1
021305;ANCASH;MARISCAL LUZURIAGA;LLAMA;1
021306;ANCASH;MARISCAL LUZURIAGA;LLUMPA;1
021308;ANCASH;MARISCAL LUZURIAGA;MUSGA;1
021303;ANCASH;MARISCAL LUZURIAGA;ELEAZAR GUZMAN BARRON;1
021501;ANCASH;PALLASCA;CABANA;1
021502;ANCASH;PALLASCA;BOLOGNESI;1
021503;ANCASH;PALLASCA;CONCHUCOS;1
021504;ANCASH;PALLASCA;HUACASCHUQUE;1
021505;ANCASH;PALLASCA;HUANDOVAL;1
021506;ANCASH;PALLASCA;LACABAMBA;1
021507;ANCASH;PALLASCA;LLAPO;1
021508;ANCASH;PALLASCA;PALLASCA;1
021509;ANCASH;PALLASCA;PAMPAS;1
021510;ANCASH;PALLASCA;SANTA ROSA;1
021511;ANCASH;PALLASCA;TAUCA;1
021601;ANCASH;POMABAMBA;POMABAMBA;1
021602;ANCASH;POMABAMBA;HUAYLLAN;1
021603;ANCASH;POMABAMBA;PAROBAMBA;1
021604;ANCASH;POMABAMBA;QUINUABAMBA;1
021701;ANCASH;RECUAY;RECUAY;1
021703;ANCASH;RECUAY;COTAPARACO;1
021704;ANCASH;RECUAY;HUAYLLAPAMPA;1
021706;ANCASH;RECUAY;MARCA;1
021707;ANCASH;RECUAY;PAMPAS CHICO;1
021708;ANCASH;RECUAY;PARARIN;1
021709;ANCASH;RECUAY;TAPACOCHA;1
021710;ANCASH;RECUAY;TICAPAMPA;1
021705;ANCASH;RECUAY;LLACLLIN;1
021702;ANCASH;RECUAY;CATAC;1
021801;ANCASH;SANTA;CHIMBOTE;1
021802;ANCASH;SANTA;CACERES DEL PERU;1
021804;ANCASH;SANTA;MACATE;1
021805;ANCASH;SANTA;MORO;1
021806;ANCASH;SANTA;NEPE—A;1
021807;ANCASH;SANTA;SAMANCO;1
021808;ANCASH;SANTA;SANTA;1
021803;ANCASH;SANTA;COISHCO;1
021809;ANCASH;SANTA;NUEVO CHIMBOTE;1
021901;ANCASH;SIHUAS;SIHUAS;1
021903;ANCASH;SIHUAS;ALFONSO UGARTE;1
021905;ANCASH;SIHUAS;CHINGALPO;1
021906;ANCASH;SIHUAS;HUAYLLABAMBA;1
021907;ANCASH;SIHUAS;QUICHES;1
021910;ANCASH;SIHUAS;SICSIBAMBA;1
021902;ANCASH;SIHUAS;ACOBAMBA;1
021904;ANCASH;SIHUAS;CASHAPAMPA;1
021908;ANCASH;SIHUAS;RAGASH;1
021909;ANCASH;SIHUAS;SAN JUAN;1
022001;ANCASH;YUNGAY;YUNGAY;1
022002;ANCASH;YUNGAY;CASCAPARA;1
022003;ANCASH;YUNGAY;MANCOS;1
022004;ANCASH;YUNGAY;MATACOTO;1
022005;ANCASH;YUNGAY;QUILLO;1
022006;ANCASH;YUNGAY;RANRAHIRCA;1
022007;ANCASH;YUNGAY;SHUPLUY;1
022008;ANCASH;YUNGAY;YANAMA;1
020301;ANCASH;ANTONIO RAIMONDI;LLAMELLIN;1
020302;ANCASH;ANTONIO RAIMONDI;ACZO;1
020303;ANCASH;ANTONIO RAIMONDI;CHACCHO;1
020304;ANCASH;ANTONIO RAIMONDI;CHINGAS;1
020305;ANCASH;ANTONIO RAIMONDI;MIRGAS;1
020306;ANCASH;ANTONIO RAIMONDI;SAN JUAN DE RONTOY;1
020701;ANCASH;CARLOS FERMIN FITZCARRALD;SAN LUIS;1
020703;ANCASH;CARLOS FERMIN FITZCARRALD;YAUYA;1
020702;ANCASH;CARLOS FERMIN FITZCARRALD;SAN NICOLAS;1
020401;ANCASH;ASUNCION;CHACAS;1
020402;ANCASH;ASUNCION;ACOCHACA;1
021101;ANCASH;HUARMEY;HUARMEY;1
021102;ANCASH;HUARMEY;COCHAPETI;1
021104;ANCASH;HUARMEY;HUAYAN;1
021105;ANCASH;HUARMEY;MALVAS;1
021103;ANCASH;HUARMEY;CULEBRAS;1
021402;ANCASH;OCROS;ACAS;1
021403;ANCASH;OCROS;CAJAMARQUILLA;1
021404;ANCASH;OCROS;CARHUAPAMPA;1
021405;ANCASH;OCROS;COCHAS;1
021406;ANCASH;OCROS;CONGAS;1
021407;ANCASH;OCROS;LLIPA;1
021401;ANCASH;OCROS;OCROS;1
021408;ANCASH;OCROS;SAN CRISTOBAL DE RAJAN;1
021409;ANCASH;OCROS;SAN PEDRO;1
021410;ANCASH;OCROS;SANTIAGO DE CHILCAS;1
030101;APURIMAC;ABANCAY;ABANCAY;1
030103;APURIMAC;ABANCAY;CIRCA;1
030104;APURIMAC;ABANCAY;CURAHUASI;1
030102;APURIMAC;ABANCAY;CHACOCHE;1
030105;APURIMAC;ABANCAY;HUANIPACA;1
030106;APURIMAC;ABANCAY;LAMBRAMA;1
030107;APURIMAC;ABANCAY;PICHIRHUA;1
030108;APURIMAC;ABANCAY;SAN PEDRO DE CACHORA;1
030109;APURIMAC;ABANCAY;TAMBURCO;1
030401;APURIMAC;AYMARAES;CHALHUANCA;1
030402;APURIMAC;AYMARAES;CAPAYA;1
030403;APURIMAC;AYMARAES;CARAYBAMBA;1
030405;APURIMAC;AYMARAES;COLCABAMBA;1
030406;APURIMAC;AYMARAES;COTARUSE;1
030404;APURIMAC;AYMARAES;CHAPIMARCA;1
030407;APURIMAC;AYMARAES;HUAYLLO;1
030409;APURIMAC;AYMARAES;LUCRE;1
030410;APURIMAC;AYMARAES;POCOHUANCA;1
030412;APURIMAC;AYMARAES;SA—AYCA;1
030413;APURIMAC;AYMARAES;SORAYA;1
030414;APURIMAC;AYMARAES;TAPAIRIHUA;1
030415;APURIMAC;AYMARAES;TINTAY;1
030416;APURIMAC;AYMARAES;TORAYA;1
030417;APURIMAC;AYMARAES;YANACA;1
030411;APURIMAC;AYMARAES;SAN JUAN DE CHAC—A;1
030408;APURIMAC;AYMARAES;JUSTO APU SAHUARAURA;1
030201;APURIMAC;ANDAHUAYLAS;ANDAHUAYLAS;1
030202;APURIMAC;ANDAHUAYLAS;ANDARAPA;1
030203;APURIMAC;ANDAHUAYLAS;CHIARA;1
030204;APURIMAC;ANDAHUAYLAS;HUANCARAMA;1
030205;APURIMAC;ANDAHUAYLAS;HUANCARAY;1
030207;APURIMAC;ANDAHUAYLAS;KISHUARA;1
030208;APURIMAC;ANDAHUAYLAS;PACOBAMBA;1
030210;APURIMAC;ANDAHUAYLAS;PAMPACHIRI;1
030212;APURIMAC;ANDAHUAYLAS;SAN ANTONIO DE CACHI;1
030213;APURIMAC;ANDAHUAYLAS;SAN JERONIMO;1
030216;APURIMAC;ANDAHUAYLAS;TALAVERA;1
030218;APURIMAC;ANDAHUAYLAS;TURPO;1
030209;APURIMAC;ANDAHUAYLAS;PACUCHA;1
030211;APURIMAC;ANDAHUAYLAS;POMACOCHA;1
030215;APURIMAC;ANDAHUAYLAS;SANTA MARIA DE CHICMO;1
030217;APURIMAC;ANDAHUAYLAS;TUMAY HUARACA;1
030206;APURIMAC;ANDAHUAYLAS;HUAYANA;1
030214;APURIMAC;ANDAHUAYLAS;SAN MIGUEL DE CHACCRAMPA;1
030219;APURIMAC;ANDAHUAYLAS;KAQUIABAMBA;1
030301;APURIMAC;ANTABAMBA;ANTABAMBA;1
030302;APURIMAC;ANTABAMBA;EL ORO;1
030303;APURIMAC;ANTABAMBA;HUAQUIRCA;1
030304;APURIMAC;ANTABAMBA;JUAN ESPINOZA MEDRANO;1
030305;APURIMAC;ANTABAMBA;OROPESA;1
030306;APURIMAC;ANTABAMBA;PACHACONAS;1
030307;APURIMAC;ANTABAMBA;SABAINO;1
030501;APURIMAC;COTABAMBAS;TAMBOBAMBA;1
030503;APURIMAC;COTABAMBAS;COYLLURQUI;1
030502;APURIMAC;COTABAMBAS;COTABAMBAS;1
030504;APURIMAC;COTABAMBAS;HAQUIRA;1
030505;APURIMAC;COTABAMBAS;MARA;1
030506;APURIMAC;COTABAMBAS;CHALLHUAHUACHO;1
030701;APURIMAC;GRAU;CHUQUIBAMBILLA;1
030702;APURIMAC;GRAU;CURPAHUASI;1
030704;APURIMAC;GRAU;HUAILLATI;1
030705;APURIMAC;GRAU;MAMARA;1
030703;APURIMAC;GRAU;MARISCAL GAMARRA;1
030706;APURIMAC;GRAU;MICAELA BASTIDAS;1
030708;APURIMAC;GRAU;PROGRESO;1
030707;APURIMAC;GRAU;PATAYPAMPA;1
030709;APURIMAC;GRAU;SAN ANTONIO;1
030711;APURIMAC;GRAU;TURPAY;1
030712;APURIMAC;GRAU;VILCABAMBA;1
030713;APURIMAC;GRAU;VIRUNDO;1
030710;APURIMAC;GRAU;SANTA ROSA;1
030714;APURIMAC;GRAU;CURASCO;1
030601;APURIMAC;CHINCHEROS;CHINCHEROS;1
030606;APURIMAC;CHINCHEROS;ONGOY;1
030605;APURIMAC;CHINCHEROS;OCOBAMBA;1
030603;APURIMAC;CHINCHEROS;COCHARCAS;1
030602;APURIMAC;CHINCHEROS;ANCO HUALLO;1
030604;APURIMAC;CHINCHEROS;HUACCANA;1
030607;APURIMAC;CHINCHEROS;URANMARCA;1
030608;APURIMAC;CHINCHEROS;RANRACANCHA;1
040101;AREQUIPA;AREQUIPA;AREQUIPA;1
040103;AREQUIPA;AREQUIPA;CAYMA;1
040104;AREQUIPA;AREQUIPA;CERRO COLORADO;1
040105;AREQUIPA;AREQUIPA;CHARACATO;1
040106;AREQUIPA;AREQUIPA;CHIGUATA;1
040108;AREQUIPA;AREQUIPA;LA JOYA;1
040110;AREQUIPA;AREQUIPA;MIRAFLORES;1
040111;AREQUIPA;AREQUIPA;MOLLEBAYA;1
040112;AREQUIPA;AREQUIPA;PAUCARPATA;1
040113;AREQUIPA;AREQUIPA;POCSI;1
040114;AREQUIPA;AREQUIPA;POLOBAYA;1
040115;AREQUIPA;AREQUIPA;QUEQUE—A;1
040116;AREQUIPA;AREQUIPA;SABANDIA;1
040117;AREQUIPA;AREQUIPA;SACHACA;1
040118;AREQUIPA;AREQUIPA;SAN JUAN DE SIGUAS;1
040119;AREQUIPA;AREQUIPA;SAN JUAN DE TARUCANI;1
040120;AREQUIPA;AREQUIPA;SANTA ISABEL DE SIGUAS;1
040121;AREQUIPA;AREQUIPA;SANTA RITA DE SIHUAS;1
040122;AREQUIPA;AREQUIPA;SOCABAYA;1
040123;AREQUIPA;AREQUIPA;TIABAYA;1
040124;AREQUIPA;AREQUIPA;UCHUMAYO;1
040125;AREQUIPA;AREQUIPA;VITOR;1
040126;AREQUIPA;AREQUIPA;YANAHUARA;1
040127;AREQUIPA;AREQUIPA;YARABAMBA;1
040128;AREQUIPA;AREQUIPA;YURA;1
040109;AREQUIPA;AREQUIPA;MARIANO MELGAR;1
040107;AREQUIPA;AREQUIPA;JACOBO HUNTER;1
040102;AREQUIPA;AREQUIPA;ALTO SELVA ALEGRE;1
040129;AREQUIPA;AREQUIPA;JOSE LUIS BUSTAMANTE Y RIVERO;1
040501;AREQUIPA;CAYLLOMA;CHIVAY;1
040502;AREQUIPA;CAYLLOMA;ACHOMA;1
040503;AREQUIPA;CAYLLOMA;CABANACONDE;1
040505;AREQUIPA;CAYLLOMA;CAYLLOMA;1
040504;AREQUIPA;CAYLLOMA;CALLALLI;1
040506;AREQUIPA;CAYLLOMA;COPORAQUE;1
040507;AREQUIPA;CAYLLOMA;HUAMBO;1
040508;AREQUIPA;CAYLLOMA;HUANCA;1
040509;AREQUIPA;CAYLLOMA;ICHUPAMPA;1
040510;AREQUIPA;CAYLLOMA;LARI;1
040511;AREQUIPA;CAYLLOMA;LLUTA;1
040512;AREQUIPA;CAYLLOMA;MACA;1
040513;AREQUIPA;CAYLLOMA;MADRIGAL;1
040514;AREQUIPA;CAYLLOMA;SAN ANTONIO DE CHUCA;1
040515;AREQUIPA;CAYLLOMA;SIBAYO;1
040516;AREQUIPA;CAYLLOMA;TAPAY;1
040517;AREQUIPA;CAYLLOMA;TISCO;1
040518;AREQUIPA;CAYLLOMA;TUTI;1
040519;AREQUIPA;CAYLLOMA;YANQUE;1
040520;AREQUIPA;CAYLLOMA;MAJES;1
040201;AREQUIPA;CAMANA;CAMANA;1
040202;AREQUIPA;CAMANA;JOSE MARIA QUIMPER;1
040203;AREQUIPA;CAMANA;MARIANO NICOLAS VALCARCEL;1
040204;AREQUIPA;CAMANA;MARISCAL CACERES;1
040205;AREQUIPA;CAMANA;NICOLAS DE PIEROLA;1
040206;AREQUIPA;CAMANA;OCO—A;1
040207;AREQUIPA;CAMANA;QUILCA;1
040208;AREQUIPA;CAMANA;SAMUEL PASTOR;1
040301;AREQUIPA;CARAVELI;CARAVELI;1
040302;AREQUIPA;CARAVELI;ACARI;1
040303;AREQUIPA;CARAVELI;ATICO;1
040304;AREQUIPA;CARAVELI;ATIQUIPA;1
040305;AREQUIPA;CARAVELI;BELLA UNION;1
040306;AREQUIPA;CARAVELI;CAHUACHO;1
040307;AREQUIPA;CARAVELI;CHALA;1
040308;AREQUIPA;CARAVELI;CHAPARRA;1
040309;AREQUIPA;CARAVELI;HUANUHUANU;1
040310;AREQUIPA;CARAVELI;JAQUI;1
040311;AREQUIPA;CARAVELI;LOMAS;1
040312;AREQUIPA;CARAVELI;QUICACHA;1
040313;AREQUIPA;CARAVELI;YAUCA;1
040401;AREQUIPA;CASTILLA;APLAO;1
040402;AREQUIPA;CASTILLA;ANDAGUA;1
040403;AREQUIPA;CASTILLA;AYO;1
040404;AREQUIPA;CASTILLA;CHACHAS;1
040405;AREQUIPA;CASTILLA;CHILCAYMARCA;1
040406;AREQUIPA;CASTILLA;CHOCO;1
040407;AREQUIPA;CASTILLA;HUANCARQUI;1
040408;AREQUIPA;CASTILLA;MACHAGUAY;1
040409;AREQUIPA;CASTILLA;ORCOPAMPA;1
040410;AREQUIPA;CASTILLA;PAMPACOLCA;1
040411;AREQUIPA;CASTILLA;TIPAN;1
040413;AREQUIPA;CASTILLA;URACA;1
040412;AREQUIPA;CASTILLA;U—ON;1
040414;AREQUIPA;CASTILLA;VIRACO;1
040601;AREQUIPA;CONDESUYOS;CHUQUIBAMBA;1
040602;AREQUIPA;CONDESUYOS;ANDARAY;1
040603;AREQUIPA;CONDESUYOS;CAYARANI;1
040604;AREQUIPA;CONDESUYOS;CHICHAS;1
040605;AREQUIPA;CONDESUYOS;IRAY;1
040607;AREQUIPA;CONDESUYOS;SALAMANCA;1
040608;AREQUIPA;CONDESUYOS;YANAQUIHUA;1
040606;AREQUIPA;CONDESUYOS;RIO GRANDE;1
040701;AREQUIPA;ISLAY;MOLLENDO;1
040702;AREQUIPA;ISLAY;COCACHACRA;1
040703;AREQUIPA;ISLAY;DEAN VALDIVIA;1
040704;AREQUIPA;ISLAY;ISLAY;1
040705;AREQUIPA;ISLAY;MEJIA;1
040706;AREQUIPA;ISLAY;PUNTA DE BOMBON;1
040801;AREQUIPA;LA UNION;COTAHUASI;1
040802;AREQUIPA;LA UNION;ALCA;1
040803;AREQUIPA;LA UNION;CHARCANA;1
040804;AREQUIPA;LA UNION;HUAYNACOTAS;1
040805;AREQUIPA;LA UNION;PAMPAMARCA;1
040806;AREQUIPA;LA UNION;PUYCA;1
040807;AREQUIPA;LA UNION;QUECHUALLA;1
040808;AREQUIPA;LA UNION;SAYLA;1
040809;AREQUIPA;LA UNION;TAURIA;1
040810;AREQUIPA;LA UNION;TOMEPAMPA;1
040811;AREQUIPA;LA UNION;TORO;1
050101;AYACUCHO;HUAMANGA;AYACUCHO;1
050103;AYACUCHO;HUAMANGA;ACOS VINCHOS;1
050104;AYACUCHO;HUAMANGA;CARMEN ALTO;1
050105;AYACUCHO;HUAMANGA;CHIARA;1
050108;AYACUCHO;HUAMANGA;QUINUA;1
050109;AYACUCHO;HUAMANGA;SAN JOSE DE TICLLAS;1
050110;AYACUCHO;HUAMANGA;SAN JUAN BAUTISTA;1
050111;AYACUCHO;HUAMANGA;SANTIAGO DE PISCHA;1
050114;AYACUCHO;HUAMANGA;VINCHOS;1
050113;AYACUCHO;HUAMANGA;TAMBILLO;1
050102;AYACUCHO;HUAMANGA;ACOCRO;1
050112;AYACUCHO;HUAMANGA;SOCOS;1
050106;AYACUCHO;HUAMANGA;OCROS;1
050107;AYACUCHO;HUAMANGA;PACAYCASA;1
050115;AYACUCHO;HUAMANGA;JESUS NAZARENO;1
050201;AYACUCHO;CANGALLO;CANGALLO;1
050202;AYACUCHO;CANGALLO;CHUSCHI;1
050203;AYACUCHO;CANGALLO;LOS MOROCHUCOS;1
050205;AYACUCHO;CANGALLO;PARAS;1
050206;AYACUCHO;CANGALLO;TOTOS;1
050204;AYACUCHO;CANGALLO;MARIA PARADO DE BELLIDO;1
050401;AYACUCHO;HUANTA;HUANTA;1
050402;AYACUCHO;HUANTA;AYAHUANCO;1
050403;AYACUCHO;HUANTA;HUAMANGUILLA;1
050404;AYACUCHO;HUANTA;IGUAIN;1
050405;AYACUCHO;HUANTA;LURICOCHA;1
050406;AYACUCHO;HUANTA;SANTILLANA;1
050407;AYACUCHO;HUANTA;SIVIA;1
050408;AYACUCHO;HUANTA;LLOCHEGUA;1
050501;AYACUCHO;LA MAR;SAN MIGUEL;1
050502;AYACUCHO;LA MAR;ANCO;1
050503;AYACUCHO;LA MAR;AYNA;1
050504;AYACUCHO;LA MAR;CHILCAS;1
050505;AYACUCHO;LA MAR;CHUNGUI;1
050508;AYACUCHO;LA MAR;TAMBO;1
050506;AYACUCHO;LA MAR;LUIS CARRANZA;1
050507;AYACUCHO;LA MAR;SANTA ROSA;1
050509;AYACUCHO;LA MAR;SAMUGARI;1
050601;AYACUCHO;LUCANAS;PUQUIO;1
050602;AYACUCHO;LUCANAS;AUCARA;1
050603;AYACUCHO;LUCANAS;CABANA;1
050604;AYACUCHO;LUCANAS;CARMEN SALCEDO;1
050605;AYACUCHO;LUCANAS;CHAVI—A;1
050606;AYACUCHO;LUCANAS;CHIPAO;1
050607;AYACUCHO;LUCANAS;HUAC-HUAS;1
050608;AYACUCHO;LUCANAS;LARAMATE;1
050609;AYACUCHO;LUCANAS;LEONCIO PRADO;1
050611;AYACUCHO;LUCANAS;LUCANAS;1
050610;AYACUCHO;LUCANAS;LLAUTA;1
050612;AYACUCHO;LUCANAS;OCA—A;1
050613;AYACUCHO;LUCANAS;OTOCA;1
050619;AYACUCHO;LUCANAS;SANCOS;1
050616;AYACUCHO;LUCANAS;SAN JUAN;1
050617;AYACUCHO;LUCANAS;SAN PEDRO;1
050620;AYACUCHO;LUCANAS;SANTA ANA DE HUAYCAHUACHO;1
050621;AYACUCHO;LUCANAS;SANTA LUCIA;1
050614;AYACUCHO;LUCANAS;SAISA;1
050618;AYACUCHO;LUCANAS;SAN PEDRO DE PALCO;1
050615;AYACUCHO;LUCANAS;SAN CRISTOBAL;1
050701;AYACUCHO;PARINACOCHAS;CORACORA;1
050703;AYACUCHO;PARINACOCHAS;CORONEL CASTA—EDA;1
050702;AYACUCHO;PARINACOCHAS;CHUMPI;1
050704;AYACUCHO;PARINACOCHAS;PACAPAUSA;1
050705;AYACUCHO;PARINACOCHAS;PULLO;1
050706;AYACUCHO;PARINACOCHAS;PUYUSCA;1
050707;AYACUCHO;PARINACOCHAS;SAN FRANCISCO DE RAVACAYCO;1
050708;AYACUCHO;PARINACOCHAS;UPAHUACHO;1
051001;AYACUCHO;VICTOR FAJARDO;HUANCAPI;1
051002;AYACUCHO;VICTOR FAJARDO;ALCAMENCA;1
051003;AYACUCHO;VICTOR FAJARDO;APONGO;1
051005;AYACUCHO;VICTOR FAJARDO;CANARIA;1
051006;AYACUCHO;VICTOR FAJARDO;CAYARA;1
051007;AYACUCHO;VICTOR FAJARDO;COLCA;1
051010;AYACUCHO;VICTOR FAJARDO;HUALLA;1
051008;AYACUCHO;VICTOR FAJARDO;HUAMANQUIQUIA;1
051009;AYACUCHO;VICTOR FAJARDO;HUANCARAYLLA;1
051011;AYACUCHO;VICTOR FAJARDO;SARHUA;1
051012;AYACUCHO;VICTOR FAJARDO;VILCANCHOS;1
051004;AYACUCHO;VICTOR FAJARDO;ASQUIPATA;1
050301;AYACUCHO;HUANCA SANCOS;SANCOS;1
050303;AYACUCHO;HUANCA SANCOS;SACSAMARCA;1
050304;AYACUCHO;HUANCA SANCOS;SANTIAGO DE LUCANAMARCA;1
050302;AYACUCHO;HUANCA SANCOS;CARAPO;1
051101;AYACUCHO;VILCAS HUAMAN;VILCAS HUAMAN;1
051108;AYACUCHO;VILCAS HUAMAN;VISCHONGO;1
051102;AYACUCHO;VILCAS HUAMAN;ACCOMARCA;1
051103;AYACUCHO;VILCAS HUAMAN;CARHUANCA;1
051104;AYACUCHO;VILCAS HUAMAN;CONCEPCION;1
051105;AYACUCHO;VILCAS HUAMAN;HUAMBALPA;1
051107;AYACUCHO;VILCAS HUAMAN;SAURAMA;1
051106;AYACUCHO;VILCAS HUAMAN;INDEPENDENCIA;1
050801;AYACUCHO;PAUCAR DEL SARA SARA;PAUSA;1
050802;AYACUCHO;PAUCAR DEL SARA SARA;COLTA;1
050803;AYACUCHO;PAUCAR DEL SARA SARA;CORCULLA;1
050804;AYACUCHO;PAUCAR DEL SARA SARA;LAMPA;1
050805;AYACUCHO;PAUCAR DEL SARA SARA;MARCABAMBA;1
050806;AYACUCHO;PAUCAR DEL SARA SARA;OYOLO;1
050807;AYACUCHO;PAUCAR DEL SARA SARA;PARARCA;1
050808;AYACUCHO;PAUCAR DEL SARA SARA;SAN JAVIER DE ALPABAMBA;1
050809;AYACUCHO;PAUCAR DEL SARA SARA;SAN JOSE DE USHUA;1
050810;AYACUCHO;PAUCAR DEL SARA SARA;SARA SARA;1
050901;AYACUCHO;SUCRE;QUEROBAMBA;1
050902;AYACUCHO;SUCRE;BELEN;1
050903;AYACUCHO;SUCRE;CHALCOS;1
050909;AYACUCHO;SUCRE;SAN SALVADOR DE QUIJE;1
050907;AYACUCHO;SUCRE;PAICO;1
050910;AYACUCHO;SUCRE;SANTIAGO DE PAUCARAY;1
050908;AYACUCHO;SUCRE;SAN PEDRO DE LARCAY;1
050911;AYACUCHO;SUCRE;SORAS;1
050905;AYACUCHO;SUCRE;HUACA—A;1
050904;AYACUCHO;SUCRE;CHILCAYOC;1
050906;AYACUCHO;SUCRE;MORCOLLA;1
060101;CAJAMARCA;CAJAMARCA;CAJAMARCA;1
060102;CAJAMARCA;CAJAMARCA;ASUNCION;1
060104;CAJAMARCA;CAJAMARCA;COSPAN;1
060103;CAJAMARCA;CAJAMARCA;CHETILLA;1
060105;CAJAMARCA;CAJAMARCA;ENCA—ADA;1
060106;CAJAMARCA;CAJAMARCA;JESUS;1
060108;CAJAMARCA;CAJAMARCA;LOS BA—OS DEL INCA;1
060107;CAJAMARCA;CAJAMARCA;LLACANORA;1
060109;CAJAMARCA;CAJAMARCA;MAGDALENA;1
060110;CAJAMARCA;CAJAMARCA;MATARA;1
060111;CAJAMARCA;CAJAMARCA;NAMORA;1
060112;CAJAMARCA;CAJAMARCA;SAN JUAN;1
060201;CAJAMARCA;CAJABAMBA;CAJABAMBA;1
060202;CAJAMARCA;CAJABAMBA;CACHACHI;1
060203;CAJAMARCA;CAJABAMBA;CONDEBAMBA;1
060204;CAJAMARCA;CAJABAMBA;SITACOCHA;1
060301;CAJAMARCA;CELENDIN;CELENDIN;1
060303;CAJAMARCA;CELENDIN;CORTEGANA;1
060302;CAJAMARCA;CELENDIN;CHUMUCH;1
060304;CAJAMARCA;CELENDIN;HUASMIN;1
060305;CAJAMARCA;CELENDIN;JORGE CHAVEZ;1
060306;CAJAMARCA;CELENDIN;JOSE GALVEZ;1
060307;CAJAMARCA;CELENDIN;MIGUEL IGLESIAS;1
060308;CAJAMARCA;CELENDIN;OXAMARCA;1
060309;CAJAMARCA;CELENDIN;SOROCHUCO;1
060310;CAJAMARCA;CELENDIN;SUCRE;1
060311;CAJAMARCA;CELENDIN;UTCO;1
060312;CAJAMARCA;CELENDIN;LA LIBERTAD DE PALLAN;1
060501;CAJAMARCA;CONTUMAZA;CONTUMAZA;1
060502;CAJAMARCA;CONTUMAZA;CHILETE;1
060504;CAJAMARCA;CONTUMAZA;GUZMANGO;1
060505;CAJAMARCA;CONTUMAZA;SAN BENITO;1
060503;CAJAMARCA;CONTUMAZA;CUPISNIQUE;1
060507;CAJAMARCA;CONTUMAZA;TANTARICA;1
060508;CAJAMARCA;CONTUMAZA;YONAN;1
060506;CAJAMARCA;CONTUMAZA;SANTA CRUZ DE TOLED;1
060601;CAJAMARCA;CUTERVO;CUTERVO;1
060602;CAJAMARCA;CUTERVO;CALLAYUC;1
060604;CAJAMARCA;CUTERVO;CUJILLO;1
060603;CAJAMARCA;CUTERVO;CHOROS;1
060605;CAJAMARCA;CUTERVO;LA RAMADA;1
060606;CAJAMARCA;CUTERVO;PIMPINGOS;1
060607;CAJAMARCA;CUTERVO;QUEROCOTILLO;1
060608;CAJAMARCA;CUTERVO;SAN ANDRES DE CUTERVO;1
060609;CAJAMARCA;CUTERVO;SAN JUAN DE CUTERVO;1
060610;CAJAMARCA;CUTERVO;SAN LUIS DE LUCMA;1
060611;CAJAMARCA;CUTERVO;SANTA CRUZ;1
060612;CAJAMARCA;CUTERVO;SANTO DOMINGO DE LA CAPILLA;1
060613;CAJAMARCA;CUTERVO;SANTO TOMAS;1
060614;CAJAMARCA;CUTERVO;SOCOTA;1
060615;CAJAMARCA;CUTERVO;TORIBIO CASANOVA;1
060401;CAJAMARCA;CHOTA;CHOTA;1
060402;CAJAMARCA;CHOTA;ANGUIA;1
060407;CAJAMARCA;CHOTA;COCHABAMBA;1
060408;CAJAMARCA;CHOTA;CONCHAN;1
060403;CAJAMARCA;CHOTA;CHADIN;1
060404;CAJAMARCA;CHOTA;CHIGUIRIP;1
060405;CAJAMARCA;CHOTA;CHIMBAN;1
060409;CAJAMARCA;CHOTA;HUAMBOS;1
060410;CAJAMARCA;CHOTA;LAJAS;1
060411;CAJAMARCA;CHOTA;LLAMA;1
060412;CAJAMARCA;CHOTA;MIRACOSTA;1
060413;CAJAMARCA;CHOTA;PACCHA;1
060414;CAJAMARCA;CHOTA;PION;1
060415;CAJAMARCA;CHOTA;QUEROCOTO;1
060417;CAJAMARCA;CHOTA;TACABAMBA;1
081211;CUSCO;QUISPICANCHI;OROPESA;1
081212;CUSCO;QUISPICANCHI;QUIQUIJANA;1
081301;CUSCO;URUBAMBA;URUBAMBA;1
081302;CUSCO;URUBAMBA;CHINCHERO;1
081303;CUSCO;URUBAMBA;HUAYLLABAMBA;1
081304;CUSCO;URUBAMBA;MACHUPICCHU;1
081305;CUSCO;URUBAMBA;MARAS;1
081306;CUSCO;URUBAMBA;OLLANTAYTAMBO;1
081307;CUSCO;URUBAMBA;YUCAY;1
090101;HUANCAVELICA;HUANCAVELICA;HUANCAVELICA;1
090102;HUANCAVELICA;HUANCAVELICA;ACOBAMBILLA;1
090103;HUANCAVELICA;HUANCAVELICA;ACORIA;1
090104;HUANCAVELICA;HUANCAVELICA;CONAYCA;1
090105;HUANCAVELICA;HUANCAVELICA;CUENCA;1
090106;HUANCAVELICA;HUANCAVELICA;HUACHOCOLPA;1
090107;HUANCAVELICA;HUANCAVELICA;HUAYLLAHUARA;1
090108;HUANCAVELICA;HUANCAVELICA;IZCUCHACA;1
090109;HUANCAVELICA;HUANCAVELICA;LARIA;1
090110;HUANCAVELICA;HUANCAVELICA;MANTA;1
090111;HUANCAVELICA;HUANCAVELICA;MARISCAL CACERES;1
090112;HUANCAVELICA;HUANCAVELICA;MOYA;1
090113;HUANCAVELICA;HUANCAVELICA;NUEVO OCCORO;1
090114;HUANCAVELICA;HUANCAVELICA;PALCA;1
090115;HUANCAVELICA;HUANCAVELICA;PILCHACA;1
090116;HUANCAVELICA;HUANCAVELICA;VILCA;1
090117;HUANCAVELICA;HUANCAVELICA;YAULI;1
090118;HUANCAVELICA;HUANCAVELICA;ASCENSION;1
090119;HUANCAVELICA;HUANCAVELICA;HUANDO;1
090201;HUANCAVELICA;ACOBAMBA;ACOBAMBA;1
090203;HUANCAVELICA;ACOBAMBA;ANTA;1
090202;HUANCAVELICA;ACOBAMBA;ANDABAMBA;1
090204;HUANCAVELICA;ACOBAMBA;CAJA;1
090205;HUANCAVELICA;ACOBAMBA;MARCAS;1
090206;HUANCAVELICA;ACOBAMBA;PAUCARA;1
090207;HUANCAVELICA;ACOBAMBA;POMACOCHA;1
090208;HUANCAVELICA;ACOBAMBA;ROSARIO;1
090301;HUANCAVELICA;ANGARAES;LIRCAY;1
090302;HUANCAVELICA;ANGARAES;ANCHONGA;1
090303;HUANCAVELICA;ANGARAES;CALLANMARCA;1
090306;HUANCAVELICA;ANGARAES;CONGALLA;1
090305;HUANCAVELICA;ANGARAES;CHINCHO;1
090308;HUANCAVELICA;ANGARAES;HUALLAY-GRANDE;1
090307;HUANCAVELICA;ANGARAES;HUANCA-HUANCA;1
090309;HUANCAVELICA;ANGARAES;JULCAMARCA;1
090310;HUANCAVELICA;ANGARAES;SAN ANTONIO DE ANTAPARCO;1
090311;HUANCAVELICA;ANGARAES;SANTO TOMAS DE PATA;1
090312;HUANCAVELICA;ANGARAES;SECCLLA;1
090304;HUANCAVELICA;ANGARAES;CCOCHACCASA;1
090401;HUANCAVELICA;CASTROVIRREYNA;CASTROVIRREYNA;1
090402;HUANCAVELICA;CASTROVIRREYNA;ARMA;1
090403;HUANCAVELICA;CASTROVIRREYNA;AURAHUA;1
090404;HUANCAVELICA;CASTROVIRREYNA;CAPILLAS;1
090406;HUANCAVELICA;CASTROVIRREYNA;COCAS;1
090405;HUANCAVELICA;CASTROVIRREYNA;CHUPAMARCA;1
090407;HUANCAVELICA;CASTROVIRREYNA;HUACHOS;1
090408;HUANCAVELICA;CASTROVIRREYNA;HUAMATAMBO;1
090409;HUANCAVELICA;CASTROVIRREYNA;MOLLEPAMPA;1
090410;HUANCAVELICA;CASTROVIRREYNA;SAN JUAN;1
090412;HUANCAVELICA;CASTROVIRREYNA;TANTARA;1
090413;HUANCAVELICA;CASTROVIRREYNA;TICRAPO;1
090411;HUANCAVELICA;CASTROVIRREYNA;SANTA ANA;1
090701;HUANCAVELICA;TAYACAJA;PAMPAS;1
090702;HUANCAVELICA;TAYACAJA;ACOSTAMBO;1
090703;HUANCAVELICA;TAYACAJA;ACRAQUIA;1
090704;HUANCAVELICA;TAYACAJA;AHUAYCHA;1
090705;HUANCAVELICA;TAYACAJA;COLCABAMBA;1
090706;HUANCAVELICA;TAYACAJA;DANIEL HERNANDEZ;1
090707;HUANCAVELICA;TAYACAJA;HUACHOCOLPA;1
090709;HUANCAVELICA;TAYACAJA;HUARIBAMBA;1
090710;HUANCAVELICA;TAYACAJA;—AHUIMPUQUIO;1
090711;HUANCAVELICA;TAYACAJA;PAZOS;1
090713;HUANCAVELICA;TAYACAJA;QUISHUAR;1
090714;HUANCAVELICA;TAYACAJA;SALCABAMBA;1
090716;HUANCAVELICA;TAYACAJA;SAN MARCOS DE ROCCHAC;1
090717;HUANCAVELICA;TAYACAJA;SURCUBAMBA;1
090718;HUANCAVELICA;TAYACAJA;TINTAY PUNCU;1
090715;HUANCAVELICA;TAYACAJA;SALCAHUASI;1
090602;HUANCAVELICA;HUAYTARA;AYAVI;1
090603;HUANCAVELICA;HUAYTARA;CORDOVA;1
090604;HUANCAVELICA;HUAYTARA;HUAYACUNDO ARMA;1
090601;HUANCAVELICA;HUAYTARA;HUAYTARA;1
090605;HUANCAVELICA;HUAYTARA;LARAMARCA;1
090606;HUANCAVELICA;HUAYTARA;OCOYO;1
090607;HUANCAVELICA;HUAYTARA;PILPICHACA;1
090608;HUANCAVELICA;HUAYTARA;QUERCO;1
090609;HUANCAVELICA;HUAYTARA;QUITO ARMA;1
090610;HUANCAVELICA;HUAYTARA;SAN ANTONIO DE CUSICANCHA;1
090611;HUANCAVELICA;HUAYTARA;SAN FRANCISCO DE SANGAYAICO;1
090612;HUANCAVELICA;HUAYTARA;SAN ISIDRO;1
090613;HUANCAVELICA;HUAYTARA;SANTIAGO DE CHOCORVOS;1
090614;HUANCAVELICA;HUAYTARA;SANTIAGO DE QUIRAHUARA;1
090615;HUANCAVELICA;HUAYTARA;SANTO DOMINGO DE CAPILLAS;1
090616;HUANCAVELICA;HUAYTARA;TAMBO;1
090501;HUANCAVELICA;CHURCAMPA;CHURCAMPA;1
090502;HUANCAVELICA;CHURCAMPA;ANCO;1
090503;HUANCAVELICA;CHURCAMPA;CHINCHIHUASI;1
090504;HUANCAVELICA;CHURCAMPA;EL CARMEN;1
090505;HUANCAVELICA;CHURCAMPA;LA MERCED;1
090506;HUANCAVELICA;CHURCAMPA;LOCROJA;1
090507;HUANCAVELICA;CHURCAMPA;PAUCARBAMBA;1
090508;HUANCAVELICA;CHURCAMPA;SAN MIGUEL DE MAYOCC;1
090509;HUANCAVELICA;CHURCAMPA;SAN PEDRO DE CORIS;1
090510;HUANCAVELICA;CHURCAMPA;PACHAMARCA;1
090511;HUANCAVELICA;CHURCAMPA;COSME;1
100101;HUANUCO;HUANUCO;HUANUCO;1
100103;HUANUCO;HUANUCO;CHINCHAO;1
100104;HUANUCO;HUANUCO;CHURUBAMBA;1
100105;HUANUCO;HUANUCO;MARGOS;1
100106;HUANUCO;HUANUCO;QUISQUI;1
100107;HUANUCO;HUANUCO;SAN FRANCISCO DE CAYRAN;1
100108;HUANUCO;HUANUCO;SAN PEDRO DE CHAULAN;1
100109;HUANUCO;HUANUCO;SANTA MARIA DEL VALLE;1
100110;HUANUCO;HUANUCO;YARUMAYO;1
100102;HUANUCO;HUANUCO;AMARILIS;1
100111;HUANUCO;HUANUCO;PILLCO MARCA;1
100112;HUANUCO;HUANUCO;YACUS;1
100201;HUANUCO;AMBO;AMBO;1
100202;HUANUCO;AMBO;CAYNA;1
100203;HUANUCO;AMBO;COLPAS;1
100204;HUANUCO;AMBO;CONCHAMARCA;1
100205;HUANUCO;AMBO;HUACAR;1
100206;HUANUCO;AMBO;SAN FRANCISCO;1
100207;HUANUCO;AMBO;SAN RAFAEL;1
100208;HUANUCO;AMBO;TOMAY-KICHWA;1
100301;HUANUCO;DOS DE MAYO;LA UNION;1
100307;HUANUCO;DOS DE MAYO;CHUQUIS;1
100311;HUANUCO;DOS DE MAYO;MARIAS;1
100313;HUANUCO;DOS DE MAYO;PACHAS;1
100316;HUANUCO;DOS DE MAYO;QUIVILLA;1
100317;HUANUCO;DOS DE MAYO;RIPAN;1
100321;HUANUCO;DOS DE MAYO;SHUNQUI;1
100322;HUANUCO;DOS DE MAYO;SILLAPATA;1
100323;HUANUCO;DOS DE MAYO;YANAS;1
100501;HUANUCO;HUAMALIES;LLATA;1
100502;HUANUCO;HUAMALIES;ARANCAY;1
100503;HUANUCO;HUAMALIES;CHAVIN DE PARIARCA;1
100504;HUANUCO;HUAMALIES;JACAS GRANDE;1
100505;HUANUCO;HUAMALIES;JIRCAN;1
100506;HUANUCO;HUAMALIES;MIRAFLORES;1
100507;HUANUCO;HUAMALIES;MONZON;1
100508;HUANUCO;HUAMALIES;PUNCHAO;1
100509;HUANUCO;HUAMALIES;PU—OS;1
100510;HUANUCO;HUAMALIES;SINGA;1
100511;HUANUCO;HUAMALIES;TANTAMAYO;1
100701;HUANUCO;MARA—ON;HUACRACHUCO;1
100702;HUANUCO;MARA—ON;CHOLON;1
100703;HUANUCO;MARA—ON;SAN BUENAVENTURA;1
100601;HUANUCO;LEONCIO PRADO;RUPA-RUPA;1
100602;HUANUCO;LEONCIO PRADO;DANIEL ALOMIA ROBLES;1
100603;HUANUCO;LEONCIO PRADO;HERMILIO VALDIZAN;1
100605;HUANUCO;LEONCIO PRADO;LUYANDO;1
100606;HUANUCO;LEONCIO PRADO;MARIANO DAMASO BERAUN;1
100604;HUANUCO;LEONCIO PRADO;JOSE CRESPO Y CASTILLO;1
100801;HUANUCO;PACHITEA;PANAO;1
100802;HUANUCO;PACHITEA;CHAGLLA;1
100803;HUANUCO;PACHITEA;MOLINO;1
100804;HUANUCO;PACHITEA;UMARI;1
100903;HUANUCO;PUERTO INCA;HONORIA;1
100901;HUANUCO;PUERTO INCA;PUERTO INCA;1
100902;HUANUCO;PUERTO INCA;CODO DEL POZUZO;1
100904;HUANUCO;PUERTO INCA;TOURNAVISTA;1
100905;HUANUCO;PUERTO INCA;YUYAPICHIS;1
100401;HUANUCO;HUACAYBAMBA;HUACAYBAMBA;1
100404;HUANUCO;HUACAYBAMBA;PINRA;1
100402;HUANUCO;HUACAYBAMBA;CANCHABAMBA;1
100403;HUANUCO;HUACAYBAMBA;COCHABAMBA;1
101001;HUANUCO;LAURICOCHA;JESUS;1
101002;HUANUCO;LAURICOCHA;BA—OS;1
101006;HUANUCO;LAURICOCHA;SAN FRANCISCO DE ASIS;1
101004;HUANUCO;LAURICOCHA;QUEROPALCA;1
101007;HUANUCO;LAURICOCHA;SAN MIGUEL DE CAURI;1
101005;HUANUCO;LAURICOCHA;RONDOS;1
101003;HUANUCO;LAURICOCHA;JIVIA;1
101101;HUANUCO;YAROWILCA;CHAVINILLO;1
101104;HUANUCO;YAROWILCA;APARICIO POMARES;1
101102;HUANUCO;YAROWILCA;CAHUAC;1
101103;HUANUCO;YAROWILCA;CHACABAMBA;1
101105;HUANUCO;YAROWILCA;JACAS CHICO;1
101106;HUANUCO;YAROWILCA;OBAS;1
101107;HUANUCO;YAROWILCA;PAMPAMARCA;1
101108;HUANUCO;YAROWILCA;CHORAS;1
110101;ICA;ICA;ICA;1
110102;ICA;ICA;LA TINGUI—A;1
110103;ICA;ICA;LOS AQUIJES;1
110106;ICA;ICA;PARCONA;1
110107;ICA;ICA;PUEBLO NUEVO;1
110108;ICA;ICA;SALAS;1
110109;ICA;ICA;SAN JOSE DE LOS MOLINOS;1
110110;ICA;ICA;SAN JUAN BAUTISTA;1
110111;ICA;ICA;SANTIAGO;1
110112;ICA;ICA;SUBTANJALLA;1
110114;ICA;ICA;YAUCA DEL ROSARIO;1
110113;ICA;ICA;TATE;1
110105;ICA;ICA;PACHACUTEC;1
110104;ICA;ICA;OCUCAJE;1
110201;ICA;CHINCHA;CHINCHA ALTA;1
110203;ICA;CHINCHA;CHAVIN;1
110204;ICA;CHINCHA;CHINCHA BAJA;1
110205;ICA;CHINCHA;EL CARMEN;1
110206;ICA;CHINCHA;GROCIO PRADO;1
110209;ICA;CHINCHA;SAN PEDRO DE HUACARPANA;1
110210;ICA;CHINCHA;SUNAMPE;1
110211;ICA;CHINCHA;TAMBO DE MORA;1
110202;ICA;CHINCHA;ALTO LARAN;1
110207;ICA;CHINCHA;PUEBLO NUEVO;1
110208;ICA;CHINCHA;SAN JUAN DE YANAC;1
110301;ICA;NAZCA;NAZCA;1
110302;ICA;NAZCA;CHANGUILLO;1
110303;ICA;NAZCA;EL INGENIO;1
110304;ICA;NAZCA;MARCONA;1
110305;ICA;NAZCA;VISTA ALEGRE;1
110501;ICA;PISCO;PISCO;1
110502;ICA;PISCO;HUANCANO;1
110503;ICA;PISCO;HUMAY;1
110504;ICA;PISCO;INDEPENDENCIA;1
110505;ICA;PISCO;PARACAS;1
110506;ICA;PISCO;SAN ANDRES;1
110507;ICA;PISCO;SAN CLEMENTE;1
110508;ICA;PISCO;TUPAC AMARU INCA;1
110401;ICA;PALPA;PALPA;1
110402;ICA;PALPA;LLIPATA;1
110403;ICA;PALPA;RIO GRANDE;1
110404;ICA;PALPA;SANTA CRUZ;1
110405;ICA;PALPA;TIBILLO;1
120101;JUNIN;HUANCAYO;HUANCAYO;1
120104;JUNIN;HUANCAYO;CARHUACALLANGA;1
120112;JUNIN;HUANCAYO;COLCA;1
120113;JUNIN;HUANCAYO;CULLHUAS;1
120105;JUNIN;HUANCAYO;CHACAPAMPA;1
120106;JUNIN;HUANCAYO;CHICCHE;1
120107;JUNIN;HUANCAYO;CHILCA;1
120108;JUNIN;HUANCAYO;CHONGOS ALTO;1
120111;JUNIN;HUANCAYO;CHUPURO;1
120114;JUNIN;HUANCAYO;EL TAMBO;1
120116;JUNIN;HUANCAYO;HUACRAPUQUIO;1
120117;JUNIN;HUANCAYO;HUALHUAS;1
120119;JUNIN;HUANCAYO;HUANCAN;1
120120;JUNIN;HUANCAYO;HUASICANCHA;1
120121;JUNIN;HUANCAYO;HUAYUCACHI;1
120122;JUNIN;HUANCAYO;INGENIO;1
120124;JUNIN;HUANCAYO;PARIAHUANCA;1
120125;JUNIN;HUANCAYO;PILCOMAYO;1
120126;JUNIN;HUANCAYO;PUCARA;1
120127;JUNIN;HUANCAYO;QUICHUAY;1
120128;JUNIN;HUANCAYO;QUILCAS;1
120129;JUNIN;HUANCAYO;SAN AGUSTIN;1
120130;JUNIN;HUANCAYO;SAN JERONIMO DE TUNAN;1
120135;JUNIN;HUANCAYO;SANTO DOMINGO DE ACOBAMBA;1
120132;JUNIN;HUANCAYO;SA—O;1
120133;JUNIN;HUANCAYO;SAPALLANGA;1
120134;JUNIN;HUANCAYO;SICAYA;1
120136;JUNIN;HUANCAYO;VIQUES;1
120201;JUNIN;CONCEPCION;CONCEPCION;1
120202;JUNIN;CONCEPCION;ACO;1
120203;JUNIN;CONCEPCION;ANDAMARCA;1
120206;JUNIN;CONCEPCION;COMAS;1
120205;JUNIN;CONCEPCION;COCHAS;1
120204;JUNIN;CONCEPCION;CHAMBARA;1
120207;JUNIN;CONCEPCION;HEROINAS TOLEDO;1
120208;JUNIN;CONCEPCION;MANZANARES;1
120209;JUNIN;CONCEPCION;MARISCAL CASTILLA;1
120210;JUNIN;CONCEPCION;MATAHUASI;1
120211;JUNIN;CONCEPCION;MITO;1
120212;JUNIN;CONCEPCION;NUEVE DE JULIO;1
120213;JUNIN;CONCEPCION;ORCOTUNA;1
120215;JUNIN;CONCEPCION;SANTA ROSA DE OCOPA;1
120214;JUNIN;CONCEPCION;SAN JOSE DE QUERO;1
120401;JUNIN;JAUJA;JAUJA;1
120402;JUNIN;JAUJA;ACOLLA;1
120403;JUNIN;JAUJA;APATA;1
120404;JUNIN;JAUJA;ATAURA;1
120405;JUNIN;JAUJA;CANCHAYLLO;1
120407;JUNIN;JAUJA;EL MANTARO;1
120408;JUNIN;JAUJA;HUAMALI;1
120409;JUNIN;JAUJA;HUARIPAMPA;1
120410;JUNIN;JAUJA;HUERTAS;1
120411;JUNIN;JAUJA;JANJAILLO;1
120412;JUNIN;JAUJA;JULCAN;1
120413;JUNIN;JAUJA;LEONOR ORDO—EZ;1
120414;JUNIN;JAUJA;LLOCLLAPAMPA;1
120415;JUNIN;JAUJA;MARCO;1
120416;JUNIN;JAUJA;MASMA;1
120418;JUNIN;JAUJA;MOLINOS;1
120419;JUNIN;JAUJA;MONOBAMBA;1
120420;JUNIN;JAUJA;MUQUI;1
120421;JUNIN;JAUJA;MUQUIYAUYO;1
120422;JUNIN;JAUJA;PACA;1
120423;JUNIN;JAUJA;PACCHA;1
120424;JUNIN;JAUJA;PANCAN;1
120425;JUNIN;JAUJA;PARCO;1
120426;JUNIN;JAUJA;POMACANCHA;1
120427;JUNIN;JAUJA;RICRAN;1
120428;JUNIN;JAUJA;SAN LORENZO;1
120429;JUNIN;JAUJA;SAN PEDRO DE CHUNAN;1
120431;JUNIN;JAUJA;SINCOS;1
120432;JUNIN;JAUJA;TUNAN MARCA;1
120433;JUNIN;JAUJA;YAULI;1
120406;JUNIN;JAUJA;CURICACA;1
120417;JUNIN;JAUJA;MASMA CHICCHE;1
120430;JUNIN;JAUJA;SAUSA;1
120434;JUNIN;JAUJA;YAUYOS;1
120501;JUNIN;JUNIN;JUNIN;1
120502;JUNIN;JUNIN;CARHUAMAYO;1
120503;JUNIN;JUNIN;ONDORES;1
120504;JUNIN;JUNIN;ULCUMAYO;1
120701;JUNIN;TARMA;TARMA;1
120702;JUNIN;TARMA;ACOBAMBA;1
120703;JUNIN;TARMA;HUARICOLCA;1
120704;JUNIN;TARMA;HUASAHUASI;1
220603;SAN MARTIN;MARISCAL CACERES;HUICUNGO;1
220604;SAN MARTIN;MARISCAL CACERES;PACHIZA;1
220605;SAN MARTIN;MARISCAL CACERES;PAJARILLO;1
220801;SAN MARTIN;RIOJA;RIOJA;1
220806;SAN MARTIN;RIOJA;POSIC;1
220808;SAN MARTIN;RIOJA;YORONGOS;1
220809;SAN MARTIN;RIOJA;YURACYACU;1
220804;SAN MARTIN;RIOJA;NUEVA CAJAMARCA;1
220803;SAN MARTIN;RIOJA;ELIAS SOPLIN VARGAS;1
220807;SAN MARTIN;RIOJA;SAN FERNANDO;1
220805;SAN MARTIN;RIOJA;PARDO MIGUEL;1
220802;SAN MARTIN;RIOJA;AWAJUN;1
220901;SAN MARTIN;SAN MARTIN;TARAPOTO;1
220902;SAN MARTIN;SAN MARTIN;ALBERTO LEVEAU;1
220903;SAN MARTIN;SAN MARTIN;CACATACHI;1
220904;SAN MARTIN;SAN MARTIN;CHAZUTA;1
220905;SAN MARTIN;SAN MARTIN;CHIPURANA;1
220906;SAN MARTIN;SAN MARTIN;EL PORVENIR;1
220907;SAN MARTIN;SAN MARTIN;HUIMBAYOC;1
220908;SAN MARTIN;SAN MARTIN;JUAN GUERRA;1
220910;SAN MARTIN;SAN MARTIN;MORALES;1
220911;SAN MARTIN;SAN MARTIN;PAPAPLAYA;1
220912;SAN MARTIN;SAN MARTIN;SAN ANTONIO;1
220913;SAN MARTIN;SAN MARTIN;SAUCE;1
220914;SAN MARTIN;SAN MARTIN;SHAPAJA;1
220909;SAN MARTIN;SAN MARTIN;LA BANDA DE SHILCAYO;1
220201;SAN MARTIN;BELLAVISTA;BELLAVISTA;1
220206;SAN MARTIN;BELLAVISTA;SAN RAFAEL;1
220205;SAN MARTIN;BELLAVISTA;SAN PABLO;1
220202;SAN MARTIN;BELLAVISTA;ALTO BIAVO;1
220204;SAN MARTIN;BELLAVISTA;HUALLAGA;1
220203;SAN MARTIN;BELLAVISTA;BAJO BIAVO;1
221001;SAN MARTIN;TOCACHE;TOCACHE;1
221002;SAN MARTIN;TOCACHE;NUEVO PROGRESO;1
221003;SAN MARTIN;TOCACHE;POLVORA;1
221004;SAN MARTIN;TOCACHE;SHUNTE;1
221005;SAN MARTIN;TOCACHE;UCHIZA;1
220701;SAN MARTIN;PICOTA;PICOTA;1
220702;SAN MARTIN;PICOTA;BUENOS AIRES;1
220703;SAN MARTIN;PICOTA;CASPIZAPA;1
220704;SAN MARTIN;PICOTA;PILLUANA;1
220705;SAN MARTIN;PICOTA;PUCACACA;1
220706;SAN MARTIN;PICOTA;SAN CRISTOBAL;1
220707;SAN MARTIN;PICOTA;SAN HILARION;1
220709;SAN MARTIN;PICOTA;TINGO DE PONASA;1
220710;SAN MARTIN;PICOTA;TRES UNIDOS;1
220708;SAN MARTIN;PICOTA;SHAMBOYACU;1
220301;SAN MARTIN;EL DORADO;SAN JOSE DE SISA;1
220302;SAN MARTIN;EL DORADO;AGUA BLANCA;1
220305;SAN MARTIN;EL DORADO;SHATOJA;1
220303;SAN MARTIN;EL DORADO;SAN MARTIN;1
220304;SAN MARTIN;EL DORADO;SANTA ROSA;1
230101;TACNA;TACNA;TACNA;1
230103;TACNA;TACNA;CALANA;1
230105;TACNA;TACNA;INCLAN;1
230106;TACNA;TACNA;PACHIA;1
230107;TACNA;TACNA;PALCA;1
230108;TACNA;TACNA;POCOLLAY;1
230109;TACNA;TACNA;SAMA;1
230102;TACNA;TACNA;ALTO DE LA ALIANZA;1
230104;TACNA;TACNA;CIUDAD NUEVA;1
230110;TACNA;TACNA;CORONEL GREGORIO ALBARRACIN L.;1
230401;TACNA;TARATA;TARATA;1
230402;TACNA;TARATA;HEROES ALBARRACIN;1
230403;TACNA;TARATA;ESTIQUE;1
230404;TACNA;TARATA;ESTIQUE PAMPA;1
230405;TACNA;TARATA;SITAJARA;1
230406;TACNA;TARATA;SUSAPAYA;1
230407;TACNA;TARATA;TARUCACHI;1
230408;TACNA;TARATA;TICACO;1
230301;TACNA;JORGE BASADRE;LOCUMBA;1
230303;TACNA;JORGE BASADRE;ITE;1
230302;TACNA;JORGE BASADRE;ILABAYA;1
230201;TACNA;CANDARAVE;CANDARAVE;1
230202;TACNA;CANDARAVE;CAIRANI;1
230204;TACNA;CANDARAVE;CURIBAYA;1
230205;TACNA;CANDARAVE;HUANUARA;1
230206;TACNA;CANDARAVE;QUILAHUANI;1
230203;TACNA;CANDARAVE;CAMILACA;1
240101;TUMBES;TUMBES;TUMBES;1
240102;TUMBES;TUMBES;CORRALES;1
240103;TUMBES;TUMBES;LA CRUZ;1
240104;TUMBES;TUMBES;PAMPAS DE HOSPITAL;1
240105;TUMBES;TUMBES;SAN JACINTO;1
240106;TUMBES;TUMBES;SAN JUAN DE LA VIRGEN;1
240201;TUMBES;CONTRALMIRANTE VILLAR;ZORRITOS;1
240202;TUMBES;CONTRALMIRANTE VILLAR;CASITAS;1
240203;TUMBES;CONTRALMIRANTE VILLAR;CANOAS DE PUNTA SAL;1
240301;TUMBES;ZARUMILLA;ZARUMILLA;1
240303;TUMBES;ZARUMILLA;MATAPALO;1
240304;TUMBES;ZARUMILLA;PAPAYAL;1
240302;TUMBES;ZARUMILLA;AGUAS VERDES;1
070101;CALLAO;CALLAO;CALLAO;1
070102;CALLAO;CALLAO;BELLAVISTA;1
070105;CALLAO;CALLAO;LA PUNTA;1
070103;CALLAO;CALLAO;CARMEN DE LA LEGUA-REYNOSO;1
070104;CALLAO;CALLAO;LA PERLA;1
070106;CALLAO;CALLAO;VENTANILLA;1
250101;UCAYALI;CORONEL PORTILLO;CALLERIA;1
250105;UCAYALI;CORONEL PORTILLO;YARINACOCHA;1
250104;UCAYALI;CORONEL PORTILLO;MASISEA;1
250102;UCAYALI;CORONEL PORTILLO;CAMPOVERDE;1
250103;UCAYALI;CORONEL PORTILLO;IPARIA;1
250106;UCAYALI;CORONEL PORTILLO;NUEVA REQUENA;1
250107;UCAYALI;CORONEL PORTILLO;MANANTAY;1
250301;UCAYALI;PADRE ABAD;PADRE ABAD;1
250302;UCAYALI;PADRE ABAD;IRAZOLA;1
250303;UCAYALI;PADRE ABAD;CURIMANA;1
250201;UCAYALI;ATALAYA;RAIMONDI;1
250203;UCAYALI;ATALAYA;TAHUANIA;1
250204;UCAYALI;ATALAYA;YURUA;1
250202;UCAYALI;ATALAYA;SEPAHUA;1
250401;UCAYALI;PURUS;PURUS;1
120705;JUNIN;TARMA;LA UNION;1
120706;JUNIN;TARMA;PALCA;1
120707;JUNIN;TARMA;PALCAMAYO;1
120708;JUNIN;TARMA;SAN PEDRO DE CAJAS;1
120709;JUNIN;TARMA;TAPO;1
120801;JUNIN;YAULI;LA OROYA;1
120802;JUNIN;YAULI;CHACAPALPA;1
120803;JUNIN;YAULI;HUAY HUAY;1
120804;JUNIN;YAULI;MARCAPOMACOCHA;1
120805;JUNIN;YAULI;MOROCOCHA;1
120806;JUNIN;YAULI;PACCHA;1
120807;JUNIN;YAULI;SANTA BARBARA DE CARHUACAYAN;1
120809;JUNIN;YAULI;SUITUCANCHA;1
120810;JUNIN;YAULI;YAULI;1
120808;JUNIN;YAULI;SANTA ROSA DE SACCO;1
120601;JUNIN;SATIPO;SATIPO;1
120602;JUNIN;SATIPO;COVIRIALI;1
120603;JUNIN;SATIPO;LLAYLLA;1
120604;JUNIN;SATIPO;MAZAMARI;1
120605;JUNIN;SATIPO;PAMPA HERMOSA;1
120606;JUNIN;SATIPO;PANGOA;1
120607;JUNIN;SATIPO;RIO NEGRO;1
120608;JUNIN;SATIPO;RIO TAMBO;1
120301;JUNIN;CHANCHAMAYO;CHANCHAMAYO;1
120305;JUNIN;CHANCHAMAYO;SAN RAMON;1
120306;JUNIN;CHANCHAMAYO;VITOC;1
120304;JUNIN;CHANCHAMAYO;SAN LUIS DE SHUARO;1
120303;JUNIN;CHANCHAMAYO;PICHANAQUI;1
120302;JUNIN;CHANCHAMAYO;PERENE;1
120901;JUNIN;CHUPACA;CHUPACA;1
120902;JUNIN;CHUPACA;AHUAC;1
120903;JUNIN;CHUPACA;CHONGOS BAJO;1
120904;JUNIN;CHUPACA;HUACHAC;1
120905;JUNIN;CHUPACA;HUAMANCACA CHICO;1
120906;JUNIN;CHUPACA;SAN JUAN DE YSCOS;1
120907;JUNIN;CHUPACA;SAN JUAN DE JARPA;1
120908;JUNIN;CHUPACA;TRES DE DICIEMBRE;1
120909;JUNIN;CHUPACA;YANACANCHA;1
130101;LA LIBERTAD;TRUJILLO;TRUJILLO;1
130104;LA LIBERTAD;TRUJILLO;HUANCHACO;1
130106;LA LIBERTAD;TRUJILLO;LAREDO;1
130107;LA LIBERTAD;TRUJILLO;MOCHE;1
130109;LA LIBERTAD;TRUJILLO;SALAVERRY;1
130110;LA LIBERTAD;TRUJILLO;SIMBAL;1
130111;LA LIBERTAD;TRUJILLO;VICTOR LARCO HERRERA;1
130108;LA LIBERTAD;TRUJILLO;POROTO;1
130102;LA LIBERTAD;TRUJILLO;EL PORVENIR;1
130105;LA LIBERTAD;TRUJILLO;LA ESPERANZA;1
130103;LA LIBERTAD;TRUJILLO;FLORENCIA DE MORA;1
130301;LA LIBERTAD;BOLIVAR;BOLIVAR;1
130302;LA LIBERTAD;BOLIVAR;BAMBAMARCA;1
130303;LA LIBERTAD;BOLIVAR;CONDORMARCA;1
130304;LA LIBERTAD;BOLIVAR;LONGOTEA;1
130306;LA LIBERTAD;BOLIVAR;UCUNCHA;1
130305;LA LIBERTAD;BOLIVAR;UCHUMARCA;1
130901;LA LIBERTAD;SANCHEZ CARRION;HUAMACHUCO;1
130903;LA LIBERTAD;SANCHEZ CARRION;COCHORCO;1
130904;LA LIBERTAD;SANCHEZ CARRION;CURGOS;1
130902;LA LIBERTAD;SANCHEZ CARRION;CHUGAY;1
130905;LA LIBERTAD;SANCHEZ CARRION;MARCABAL;1
130906;LA LIBERTAD;SANCHEZ CARRION;SANAGORAN;1
130907;LA LIBERTAD;SANCHEZ CARRION;SARIN;1
130908;LA LIBERTAD;SANCHEZ CARRION;SARTIMBAMBA;1
130601;LA LIBERTAD;OTUZCO;OTUZCO;1
130602;LA LIBERTAD;OTUZCO;AGALLPAMPA;1
130604;LA LIBERTAD;OTUZCO;CHARAT;1
130605;LA LIBERTAD;OTUZCO;HUARANCHAL;1
130606;LA LIBERTAD;OTUZCO;LA CUESTA;1
130610;LA LIBERTAD;OTUZCO;PARANDAY;1
130611;LA LIBERTAD;OTUZCO;SALPO;1
130613;LA LIBERTAD;OTUZCO;SINSICAP;1
130614;LA LIBERTAD;OTUZCO;USQUIL;1
130608;LA LIBERTAD;OTUZCO;MACHE;1
130701;LA LIBERTAD;PACASMAYO;SAN PEDRO DE LLOC;1
130702;LA LIBERTAD;PACASMAYO;GUADALUPE;1
130703;LA LIBERTAD;PACASMAYO;JEQUETEPEQUE;1
130704;LA LIBERTAD;PACASMAYO;PACASMAYO;1
130705;LA LIBERTAD;PACASMAYO;SAN JOSE;1
130801;LA LIBERTAD;PATAZ;TAYABAMBA;1
130802;LA LIBERTAD;PATAZ;BULDIBUYO;1
130803;LA LIBERTAD;PATAZ;CHILLIA;1
130805;LA LIBERTAD;PATAZ;HUAYLILLAS;1
130804;LA LIBERTAD;PATAZ;HUANCASPATA;1
130806;LA LIBERTAD;PATAZ;HUAYO;1
130807;LA LIBERTAD;PATAZ;ONGON;1
130808;LA LIBERTAD;PATAZ;PARCOY;1
130809;LA LIBERTAD;PATAZ;PATAZ;1
130810;LA LIBERTAD;PATAZ;PIAS;1
130812;LA LIBERTAD;PATAZ;TAURIJA;1
130813;LA LIBERTAD;PATAZ;URPAY;1
130811;LA LIBERTAD;PATAZ;SANTIAGO DE CHALLAS;1
131001;LA LIBERTAD;SANTIAGO DE CHUCO;SANTIAGO DE CHUCO;1
131003;LA LIBERTAD;SANTIAGO DE CHUCO;CACHICADAN;1
131004;LA LIBERTAD;SANTIAGO DE CHUCO;MOLLEBAMBA;1
131005;LA LIBERTAD;SANTIAGO DE CHUCO;MOLLEPATA;1
131006;LA LIBERTAD;SANTIAGO DE CHUCO;QUIRUVILCA;1
131007;LA LIBERTAD;SANTIAGO DE CHUCO;SANTA CRUZ DE CHUCA;1
131008;LA LIBERTAD;SANTIAGO DE CHUCO;SITABAMBA;1
131002;LA LIBERTAD;SANTIAGO DE CHUCO;ANGASMARCA;1
130201;LA LIBERTAD;ASCOPE;ASCOPE;1
130202;LA LIBERTAD;ASCOPE;CHICAMA;1
130203;LA LIBERTAD;ASCOPE;CHOCOPE;1
130207;LA LIBERTAD;ASCOPE;SANTIAGO DE CAO;1
130204;LA LIBERTAD;ASCOPE;MAGDALENA DE CAO;1
130205;LA LIBERTAD;ASCOPE;PAIJAN;1
130206;LA LIBERTAD;ASCOPE;RAZURI;1
130208;LA LIBERTAD;ASCOPE;CASA GRANDE;1
130401;LA LIBERTAD;CHEPEN;CHEPEN;1
130402;LA LIBERTAD;CHEPEN;PACANGA;1
130403;LA LIBERTAD;CHEPEN;PUEBLO NUEVO;1
130501;LA LIBERTAD;JULCAN;JULCAN;1
130503;LA LIBERTAD;JULCAN;CARABAMBA;1
130502;LA LIBERTAD;JULCAN;CALAMARCA;1
130504;LA LIBERTAD;JULCAN;HUASO;1
131101;LA LIBERTAD;GRAN CHIMU;CASCAS;1
131102;LA LIBERTAD;GRAN CHIMU;LUCMA;1
131103;LA LIBERTAD;GRAN CHIMU;MARMOT;1
131104;LA LIBERTAD;GRAN CHIMU;SAYAPULLO;1
131201;LA LIBERTAD;VIRU;VIRU;1
131202;LA LIBERTAD;VIRU;CHAO;1
131203;LA LIBERTAD;VIRU;GUADALUPITO;1
140101;LAMBAYEQUE;CHICLAYO;CHICLAYO;1
140102;LAMBAYEQUE;CHICLAYO;CHONGOYAPE;1
140103;LAMBAYEQUE;CHICLAYO;ETEN;1
140104;LAMBAYEQUE;CHICLAYO;ETEN PUERTO;1
140107;LAMBAYEQUE;CHICLAYO;LAGUNAS;1
140108;LAMBAYEQUE;CHICLAYO;MONSEFU;1
140109;LAMBAYEQUE;CHICLAYO;NUEVA ARICA;1
140110;LAMBAYEQUE;CHICLAYO;OYOTUN;1
140111;LAMBAYEQUE;CHICLAYO;PICSI;1
140112;LAMBAYEQUE;CHICLAYO;PIMENTEL;1
140113;LAMBAYEQUE;CHICLAYO;REQUE;1
140105;LAMBAYEQUE;CHICLAYO;JOSE LEONARDO ORTIZ;1
140114;LAMBAYEQUE;CHICLAYO;SANTA ROSA;1
140115;LAMBAYEQUE;CHICLAYO;SA—A;1
140106;LAMBAYEQUE;CHICLAYO;LA VICTORIA;1
140116;LAMBAYEQUE;CHICLAYO;CAYALTI;1
140117;LAMBAYEQUE;CHICLAYO;PATAPO;1
140118;LAMBAYEQUE;CHICLAYO;POMALCA;1
140119;LAMBAYEQUE;CHICLAYO;PUCALA;1
140120;LAMBAYEQUE;CHICLAYO;TUMAN;1
140201;LAMBAYEQUE;FERRE—AFE;FERRE—AFE;1
140203;LAMBAYEQUE;FERRE—AFE;INCAHUASI;1
140202;LAMBAYEQUE;FERRE—AFE;CA—ARIS;1
140205;LAMBAYEQUE;FERRE—AFE;PITIPO;1
140206;LAMBAYEQUE;FERRE—AFE;PUEBLO NUEVO;1
140204;LAMBAYEQUE;FERRE—AFE;MANUEL ANTONIO MESONES MURO;1
140301;LAMBAYEQUE;LAMBAYEQUE;LAMBAYEQUE;1
140302;LAMBAYEQUE;LAMBAYEQUE;CHOCHOPE;1
140303;LAMBAYEQUE;LAMBAYEQUE;ILLIMO;1
140304;LAMBAYEQUE;LAMBAYEQUE;JAYANCA;1
140305;LAMBAYEQUE;LAMBAYEQUE;MOCHUMI;1
140306;LAMBAYEQUE;LAMBAYEQUE;MORROPE;1
140307;LAMBAYEQUE;LAMBAYEQUE;MOTUPE;1
140308;LAMBAYEQUE;LAMBAYEQUE;OLMOS;1
140309;LAMBAYEQUE;LAMBAYEQUE;PACORA;1
140310;LAMBAYEQUE;LAMBAYEQUE;SALAS;1
140311;LAMBAYEQUE;LAMBAYEQUE;SAN JOSE;1
140312;LAMBAYEQUE;LAMBAYEQUE;TUCUME;1
150101;LIMA;LIMA;LIMA;1
150102;LIMA;LIMA;ANCON;1
150103;LIMA;LIMA;ATE;1
150105;LIMA;LIMA;BRE—A;1
150106;LIMA;LIMA;CARABAYLLO;1
150110;LIMA;LIMA;COMAS;1
150107;LIMA;LIMA;CHACLACAYO;1
150108;LIMA;LIMA;CHORRILLOS;1
150115;LIMA;LIMA;LA VICTORIA;1
150114;LIMA;LIMA;LA MOLINA;1
150116;LIMA;LIMA;LINCE;1
150118;LIMA;LIMA;LURIGANCHO;1
150119;LIMA;LIMA;LURIN;1
150120;LIMA;LIMA;MAGDALENA DEL MAR;1
150122;LIMA;LIMA;MIRAFLORES;1
150123;LIMA;LIMA;PACHACAMAC;1
150121;LIMA;LIMA;PUEBLO LIBRE;1
150124;LIMA;LIMA;PUCUSANA;1
150125;LIMA;LIMA;PUENTE PIEDRA;1
150126;LIMA;LIMA;PUNTA HERMOSA;1
150127;LIMA;LIMA;PUNTA NEGRA;1
150128;LIMA;LIMA;RIMAC;1
150129;LIMA;LIMA;SAN BARTOLO;1
150131;LIMA;LIMA;SAN ISIDRO;1
150104;LIMA;LIMA;BARRANCO;1
150135;LIMA;LIMA;SAN MARTIN DE PORRES;1
150136;LIMA;LIMA;SAN MIGUEL;1
150138;LIMA;LIMA;SANTA MARIA DEL MAR;1
150139;LIMA;LIMA;SANTA ROSA;1
150140;LIMA;LIMA;SANTIAGO DE SURCO;1
150141;LIMA;LIMA;SURQUILLO;1
150143;LIMA;LIMA;VILLA MARIA DEL TRIUNFO;1
150113;LIMA;LIMA;JESUS MARIA;1
150112;LIMA;LIMA;INDEPENDENCIA;1
150111;LIMA;LIMA;EL AGUSTINO;1
150133;LIMA;LIMA;SAN JUAN DE MIRAFLORES;1
150132;LIMA;LIMA;SAN JUAN DE LURIGANCHO;1
150134;LIMA;LIMA;SAN LUIS;1
150109;LIMA;LIMA;CIENEGUILLA;1
150130;LIMA;LIMA;SAN BORJA;1
150142;LIMA;LIMA;VILLA EL SALVADOR;1
150117;LIMA;LIMA;LOS OLIVOS;1
150137;LIMA;LIMA;SANTA ANITA;1
150301;LIMA;CAJATAMBO;CAJATAMBO;1
150302;LIMA;CAJATAMBO;COPA;1
150303;LIMA;CAJATAMBO;GORGOR;1
150304;LIMA;CAJATAMBO;HUANCAPON;1
150305;LIMA;CAJATAMBO;MANAS;1
150401;LIMA;CANTA;CANTA;1
150402;LIMA;CANTA;ARAHUAY;1
150403;LIMA;CANTA;HUAMANTANGA;1
150404;LIMA;CANTA;HUAROS;1
150405;LIMA;CANTA;LACHAQUI;1
150406;LIMA;CANTA;SAN BUENAVENTURA;1
150407;LIMA;CANTA;SANTA ROSA DE QUIVES;1
150501;LIMA;CA—ETE;SAN VICENTE DE CA—ETE;1
150503;LIMA;CA—ETE;CALANGO;1
150504;LIMA;CA—ETE;CERRO AZUL;1
150506;LIMA;CA—ETE;COAYLLO;1
150505;LIMA;CA—ETE;CHILCA;1
150507;LIMA;CA—ETE;IMPERIAL;1
150508;LIMA;CA—ETE;LUNAHUANA;1
150509;LIMA;CA—ETE;MALA;1
150510;LIMA;CA—ETE;NUEVO IMPERIAL;1
150511;LIMA;CA—ETE;PACARAN;1
150512;LIMA;CA—ETE;QUILMANA;1
150513;LIMA;CA—ETE;SAN ANTONIO;1
150514;LIMA;CA—ETE;SAN LUIS;1
150515;LIMA;CA—ETE;SANTA CRUZ DE FLORES;1
150516;LIMA;CA—ETE;ZU—IGA;1
150502;LIMA;CA—ETE;ASIA;1
150801;LIMA;HUAURA;HUACHO;1
150802;LIMA;HUAURA;AMBAR;1
150803;LIMA;HUAURA;CALETA DE CARQUIN;1
150804;LIMA;HUAURA;CHECRAS;1
150805;LIMA;HUAURA;HUALMAY;1
150806;LIMA;HUAURA;HUAURA;1
150807;LIMA;HUAURA;LEONCIO PRADO;1
150808;LIMA;HUAURA;PACCHO;1
150809;LIMA;HUAURA;SANTA LEONOR;1
150810;LIMA;HUAURA;SANTA MARIA;1
150811;LIMA;HUAURA;SAYAN;1
150812;LIMA;HUAURA;VEGUETA;1
150701;LIMA;HUAROCHIRI;MATUCANA;1
150702;LIMA;HUAROCHIRI;ANTIOQUIA;1
150703;LIMA;HUAROCHIRI;CALLAHUANCA;1
150704;LIMA;HUAROCHIRI;CARAMPOMA;1
150724;LIMA;HUAROCHIRI;CASTA;1
150706;LIMA;HUAROCHIRI;SAN JOSE DE LOS CHORRILLOS;1
150705;LIMA;HUAROCHIRI;CHICLA;1
150708;LIMA;HUAROCHIRI;HUANZA;1
150709;LIMA;HUAROCHIRI;HUAROCHIRI;1
150710;LIMA;HUAROCHIRI;LAHUAYTAMBO;1
150711;LIMA;HUAROCHIRI;LANGA;1
150713;LIMA;HUAROCHIRI;MARIATANA;1
150714;LIMA;HUAROCHIRI;RICARDO PALMA;1
150715;LIMA;HUAROCHIRI;SAN ANDRES DE TUPICOCHA;1
150716;LIMA;HUAROCHIRI;SAN ANTONIO;1
150717;LIMA;HUAROCHIRI;SAN BARTOLOME;1
150718;LIMA;HUAROCHIRI;SAN DAMIAN;1
150726;LIMA;HUAROCHIRI;SANGALLAYA;1
150720;LIMA;HUAROCHIRI;SAN JUAN DE TANTARANCHE;1
150721;LIMA;HUAROCHIRI;SAN LORENZO DE QUINTI;1
150722;LIMA;HUAROCHIRI;SAN MATEO;1
150723;LIMA;HUAROCHIRI;SAN MATEO DE OTAO;1
150725;LIMA;HUAROCHIRI;SAN PEDRO DE HUANCAYRE;1
150727;LIMA;HUAROCHIRI;SANTA CRUZ DE COCACHACRA;1
150728;LIMA;HUAROCHIRI;SANTA EULALIA;1
150729;LIMA;HUAROCHIRI;SANTIAGO DE ANCHUCAYA;1
150730;LIMA;HUAROCHIRI;SANTIAGO DE TUNA;1
150731;LIMA;HUAROCHIRI;SANTO DOMINGO DE LOS OLLEROS;1
150732;LIMA;HUAROCHIRI;SURCO;1
150707;LIMA;HUAROCHIRI;HUACHUPAMPA;1
150712;LIMA;HUAROCHIRI;LARAOS;1
150719;LIMA;HUAROCHIRI;SAN JUAN DE IRIS;1
151001;LIMA;YAUYOS;YAUYOS;1
151002;LIMA;YAUYOS;ALIS;1
151003;LIMA;YAUYOS;ALLAUCA;1
151004;LIMA;YAUYOS;AYAVIRI;1
151005;LIMA;YAUYOS;AZANGARO;1
151006;LIMA;YAUYOS;CACRA;1
151007;LIMA;YAUYOS;CARANIA;1
151010;LIMA;YAUYOS;COCHAS;1
151011;LIMA;YAUYOS;COLONIA;1
151009;LIMA;YAUYOS;CHOCOS;1
151013;LIMA;YAUYOS;HUAMPARA;1
151014;LIMA;YAUYOS;HUANCAYA;1
151015;LIMA;YAUYOS;HUANGASCAR;1
151016;LIMA;YAUYOS;HUANTAN;1
151017;LIMA;YAUYOS;HUA—EC;1
151018;LIMA;YAUYOS;LARAOS;1
151019;LIMA;YAUYOS;LINCHA;1
151021;LIMA;YAUYOS;MIRAFLORES;1
151022;LIMA;YAUYOS;OMAS;1
151024;LIMA;YAUYOS;QUINCHES;1
151025;LIMA;YAUYOS;QUINOCAY;1
151026;LIMA;YAUYOS;SAN JOAQUIN;1
151027;LIMA;YAUYOS;SAN PEDRO DE PILAS;1
151028;LIMA;YAUYOS;TANTA;1
151029;LIMA;YAUYOS;TAURIPAMPA;1
151031;LIMA;YAUYOS;TUPE;1
151030;LIMA;YAUYOS;TOMAS;1
151032;LIMA;YAUYOS;VI—AC;1
151033;LIMA;YAUYOS;VITIS;1
151012;LIMA;YAUYOS;HONGOS;1
151020;LIMA;YAUYOS;MADEAN;1
151023;LIMA;YAUYOS;PUTINZA;1
151008;LIMA;YAUYOS;CATAHUASI;1
150601;LIMA;HUARAL;HUARAL;1
150602;LIMA;HUARAL;ATAVILLOS ALTO;1
150603;LIMA;HUARAL;ATAVILLOS BAJO;1
150604;LIMA;HUARAL;AUCALLAMA;1
150605;LIMA;HUARAL;CHANCAY;1
150606;LIMA;HUARAL;IHUARI;1
150607;LIMA;HUARAL;LAMPIAN;1
150608;LIMA;HUARAL;PACARAOS;1
150609;LIMA;HUARAL;SAN MIGUEL DE ACOS;1
150612;LIMA;HUARAL;VEINTISIETE DE NOVIEMBRE;1
150610;LIMA;HUARAL;SANTA CRUZ DE ANDAMARCA;1
150611;LIMA;HUARAL;SUMBILCA;1
150201;LIMA;BARRANCA;BARRANCA;1
150202;LIMA;BARRANCA;PARAMONGA;1
150203;LIMA;BARRANCA;PATIVILCA;1
150204;LIMA;BARRANCA;SUPE;1
150205;LIMA;BARRANCA;SUPE PUERTO;1
150901;LIMA;OYON;OYON;1
150905;LIMA;OYON;NAVAN;1
150903;LIMA;OYON;CAUJUL;1
150902;LIMA;OYON;ANDAJES;1
150906;LIMA;OYON;PACHANGARA;1
150904;LIMA;OYON;COCHAMARCA;1
160101;LORETO;MAYNAS;IQUITOS;1
160102;LORETO;MAYNAS;ALTO NANAY;1
160103;LORETO;MAYNAS;FERNANDO LORES;1
160105;LORETO;MAYNAS;LAS AMAZONAS;1
160106;LORETO;MAYNAS;MAZAN;1
160107;LORETO;MAYNAS;NAPO;1
160110;LORETO;MAYNAS;TORRES CAUSANA;1
160104;LORETO;MAYNAS;INDIANA;1
160108;LORETO;MAYNAS;PUNCHANA;1
160112;LORETO;MAYNAS;BELEN;1
160113;LORETO;MAYNAS;SAN JUAN BAUTISTA;1
160201;LORETO;ALTO AMAZONAS;YURIMAGUAS;1
160202;LORETO;ALTO AMAZONAS;BALSAPUERTO;1
160205;LORETO;ALTO AMAZONAS;JEBEROS;1
160206;LORETO;ALTO AMAZONAS;LAGUNAS;1
160210;LORETO;ALTO AMAZONAS;SANTA CRUZ;1
160211;LORETO;ALTO AMAZONAS;TENIENTE CESAR LOPEZ ROJAS;1
160301;LORETO;LORETO;NAUTA;1
160302;LORETO;LORETO;PARINARI;1
160303;LORETO;LORETO;TIGRE;1
160305;LORETO;LORETO;URARINAS;1
160304;LORETO;LORETO;TROMPETEROS;1
160501;LORETO;REQUENA;REQUENA;1
160502;LORETO;REQUENA;ALTO TAPICHE;1
160503;LORETO;REQUENA;CAPELO;1
160504;LORETO;REQUENA;EMILIO SAN MARTIN;1
160505;LORETO;REQUENA;MAQUIA;1
160506;LORETO;REQUENA;PUINAHUA;1
160507;LORETO;REQUENA;SAQUENA;1
160508;LORETO;REQUENA;SOPLIN;1
160509;LORETO;REQUENA;TAPICHE;1
160510;LORETO;REQUENA;JENARO HERRERA;1
160511;LORETO;REQUENA;YAQUERANA;1
160601;LORETO;UCAYALI;CONTAMANA;1
160606;LORETO;UCAYALI;VARGAS GUERRA;1
160603;LORETO;UCAYALI;PADRE MARQUEZ;1
160604;LORETO;UCAYALI;PAMPA HERMOSA;1
160605;LORETO;UCAYALI;SARAYACU;1
160602;LORETO;UCAYALI;INAHUAYA;1
160401;LORETO;MARISCAL RAMON CASTILLA;RAMON CASTILLA;1
160402;LORETO;MARISCAL RAMON CASTILLA;PEBAS;1
160403;LORETO;MARISCAL RAMON CASTILLA;YAVARI;1
160404;LORETO;MARISCAL RAMON CASTILLA;SAN PABLO;1
160701;LORETO;DATEM DEL MARA—ON;BARRANCA;1
160706;LORETO;DATEM DEL MARA—ON;ANDOAS;1
160702;LORETO;DATEM DEL MARA—ON;CAHUAPANAS;1
160703;LORETO;DATEM DEL MARA—ON;MANSERICHE;1
160704;LORETO;DATEM DEL MARA—ON;MORONA;1
160705;LORETO;DATEM DEL MARA—ON;PASTAZA;1
170101;MADRE DE DIOS;TAMBOPATA;TAMBOPATA;1
170102;MADRE DE DIOS;TAMBOPATA;INAMBARI;1
170103;MADRE DE DIOS;TAMBOPATA;LAS PIEDRAS;1
170104;MADRE DE DIOS;TAMBOPATA;LABERINTO;1
170201;MADRE DE DIOS;MANU;MANU;1
170202;MADRE DE DIOS;MANU;FITZCARRALD;1
170203;MADRE DE DIOS;MANU;MADRE DE DIOS;1
170204;MADRE DE DIOS;MANU;HUEPETUHE;1
170301;MADRE DE DIOS;TAHUAMANU;I—APARI;1
170302;MADRE DE DIOS;TAHUAMANU;IBERIA;1
170303;MADRE DE DIOS;TAHUAMANU;TAHUAMANU;1
180101;MOQUEGUA;MARISCAL NIETO;MOQUEGUA;1
180102;MOQUEGUA;MARISCAL NIETO;CARUMAS;1
180103;MOQUEGUA;MARISCAL NIETO;CUCHUMBAYA;1
180105;MOQUEGUA;MARISCAL NIETO;SAN CRISTOBAL;1
180106;MOQUEGUA;MARISCAL NIETO;TORATA;1
180104;MOQUEGUA;MARISCAL NIETO;SAMEGUA;1
180201;MOQUEGUA;GENERAL SANCHEZ CERRO;OMATE;1
180203;MOQUEGUA;GENERAL SANCHEZ CERRO;COALAQUE;1
180202;MOQUEGUA;GENERAL SANCHEZ CERRO;CHOJATA;1
180204;MOQUEGUA;GENERAL SANCHEZ CERRO;ICHU—A;1
180205;MOQUEGUA;GENERAL SANCHEZ CERRO;LA CAPILLA;1
180206;MOQUEGUA;GENERAL SANCHEZ CERRO;LLOQUE;1
180207;MOQUEGUA;GENERAL SANCHEZ CERRO;MATALAQUE;1
180208;MOQUEGUA;GENERAL SANCHEZ CERRO;PUQUINA;1
180209;MOQUEGUA;GENERAL SANCHEZ CERRO;QUINISTAQUILLAS;1
180210;MOQUEGUA;GENERAL SANCHEZ CERRO;UBINAS;1
180211;MOQUEGUA;GENERAL SANCHEZ CERRO;YUNGA;1
180301;MOQUEGUA;ILO;ILO;1
180302;MOQUEGUA;ILO;EL ALGARROBAL;1
180303;MOQUEGUA;ILO;PACOCHA;1
190101;PASCO;PASCO;CHAUPIMARCA;1
190102;PASCO;PASCO;HUACHON;1
190103;PASCO;PASCO;HUARIACA;1
190104;PASCO;PASCO;HUAYLLAY;1
190105;PASCO;PASCO;NINACACA;1
190106;PASCO;PASCO;PALLANCHACRA;1
190107;PASCO;PASCO;PAUCARTAMBO;1
190108;PASCO;PASCO;SAN FCO DE ASIS DE YARUSYACAN;1
190109;PASCO;PASCO;SIMON BOLIVAR;1
190110;PASCO;PASCO;TICLACAYAN;1
190111;PASCO;PASCO;TINYAHUARCO;1
190112;PASCO;PASCO;VICCO;1
190113;PASCO;PASCO;YANACANCHA;1
190201;PASCO;DANIEL ALCIDES CARRION;YANAHUANCA;1
190202;PASCO;DANIEL ALCIDES CARRION;CHACAYAN;1
190203;PASCO;DANIEL ALCIDES CARRION;GOYLLARISQUIZGA;1
190204;PASCO;DANIEL ALCIDES CARRION;PAUCAR;1
190205;PASCO;DANIEL ALCIDES CARRION;SAN PEDRO DE PILLAO;1
190206;PASCO;DANIEL ALCIDES CARRION;SANTA ANA DE TUSI;1
190207;PASCO;DANIEL ALCIDES CARRION;TAPUC;1
190208;PASCO;DANIEL ALCIDES CARRION;VILCABAMBA;1
190301;PASCO;OXAPAMPA;OXAPAMPA;1
190302;PASCO;OXAPAMPA;CHONTABAMBA;1
190303;PASCO;OXAPAMPA;HUANCABAMBA;1
190306;PASCO;OXAPAMPA;PUERTO BERMUDEZ;1
190307;PASCO;OXAPAMPA;VILLA RICA;1
190305;PASCO;OXAPAMPA;POZUZO;1
190304;PASCO;OXAPAMPA;PALCAZU;1
190308;PASCO;OXAPAMPA;CONSTITUCION;1
200101;PIURA;PIURA;PIURA;1
200104;PIURA;PIURA;CASTILLA;1
200105;PIURA;PIURA;CATACAOS;1
200109;PIURA;PIURA;LA ARENA;1
200110;PIURA;PIURA;LA UNION;1
200111;PIURA;PIURA;LAS LOMAS;1
200114;PIURA;PIURA;TAMBO GRANDE;1
200107;PIURA;PIURA;CURA MORI;1
200108;PIURA;PIURA;EL TALLAN;1
200115;PIURA;PIURA;VEINTISEIS DE OCTUBRE;1
200201;PIURA;AYABACA;AYABACA;1
200202;PIURA;AYABACA;FRIAS;1
200204;PIURA;AYABACA;LAGUNAS;1
200205;PIURA;AYABACA;MONTERO;1
200206;PIURA;AYABACA;PACAIPAMPA;1
200208;PIURA;AYABACA;SAPILLICA;1
200209;PIURA;AYABACA;SICCHEZ;1
200210;PIURA;AYABACA;SUYO;1
200203;PIURA;AYABACA;JILILI;1
200207;PIURA;AYABACA;PAIMAS;1
200301;PIURA;HUANCABAMBA;HUANCABAMBA;1
200302;PIURA;HUANCABAMBA;CANCHAQUE;1
200304;PIURA;HUANCABAMBA;HUARMACA;1
200307;PIURA;HUANCABAMBA;SONDOR;1
200308;PIURA;HUANCABAMBA;SONDORILLO;1
200303;PIURA;HUANCABAMBA;EL CARMEN DE LA FRONTERA;1
200306;PIURA;HUANCABAMBA;SAN MIGUEL DE EL FAIQUE;1
200305;PIURA;HUANCABAMBA;LALAQUIZ;1
200401;PIURA;MORROPON;CHULUCANAS;1
200402;PIURA;MORROPON;BUENOS AIRES;1
200403;PIURA;MORROPON;CHALACO;1
200405;PIURA;MORROPON;MORROPON;1
200406;PIURA;MORROPON;SALITRAL;1
200408;PIURA;MORROPON;SANTA CATALINA DE MOSSA;1
200409;PIURA;MORROPON;SANTO DOMINGO;1
200404;PIURA;MORROPON;LA MATANZA;1
200410;PIURA;MORROPON;YAMANGO;1
200407;PIURA;MORROPON;SAN JUAN DE BIGOTE;1
200501;PIURA;PAITA;PAITA;1
200502;PIURA;PAITA;AMOTAPE;1
200503;PIURA;PAITA;ARENAL;1
200505;PIURA;PAITA;LA HUACA;1
200504;PIURA;PAITA;COLAN;1
200506;PIURA;PAITA;TAMARINDO;1
200507;PIURA;PAITA;VICHAYAL;1
200601;PIURA;SULLANA;SULLANA;1
200602;PIURA;SULLANA;BELLAVISTA;1
200604;PIURA;SULLANA;LANCONES;1
200605;PIURA;SULLANA;MARCAVELICA;1
200606;PIURA;SULLANA;MIGUEL CHECA;1
200607;PIURA;SULLANA;QUERECOTILLO;1
200608;PIURA;SULLANA;SALITRAL;1
200603;PIURA;SULLANA;IGNACIO ESCUDERO;1
200701;PIURA;TALARA;PARI—AS;1
200702;PIURA;TALARA;EL ALTO;1
200703;PIURA;TALARA;LA BREA;1
200704;PIURA;TALARA;LOBITOS;1
200706;PIURA;TALARA;MANCORA;1
200705;PIURA;TALARA;LOS ORGANOS;1
200801;PIURA;SECHURA;SECHURA;1
200805;PIURA;SECHURA;VICE;1
200803;PIURA;SECHURA;BERNAL;1
200802;PIURA;SECHURA;BELLAVISTA DE LA UNION;1
200804;PIURA;SECHURA;CRISTO NOS VALGA;1
200806;PIURA;SECHURA;RINCONADA-LLICUAR;1
210101;PUNO;PUNO;PUNO;1
210102;PUNO;PUNO;ACORA;1
210104;PUNO;PUNO;ATUNCOLLA;1
210105;PUNO;PUNO;CAPACHICA;1
210107;PUNO;PUNO;COATA;1
210106;PUNO;PUNO;CHUCUITO;1
210108;PUNO;PUNO;HUATA;1
210109;PUNO;PUNO;MA—AZO;1
210110;PUNO;PUNO;PAUCARCOLLA;1
210111;PUNO;PUNO;PICHACANI;1
210113;PUNO;PUNO;SAN ANTONIO;1
210114;PUNO;PUNO;TIQUILLACA;1
210115;PUNO;PUNO;VILQUE;1
210112;PUNO;PUNO;PLATERIA;1
210103;PUNO;PUNO;AMANTANI;1
210201;PUNO;AZANGARO;AZANGARO;1
210202;PUNO;AZANGARO;ACHAYA;1
210203;PUNO;AZANGARO;ARAPA;1
210204;PUNO;AZANGARO;ASILLO;1
210205;PUNO;AZANGARO;CAMINACA;1
210206;PUNO;AZANGARO;CHUPA;1
210207;PUNO;AZANGARO;JOSE DOMINGO CHOQUEHUANCA;1
210208;PUNO;AZANGARO;MU—ANI;1
210209;PUNO;AZANGARO;POTONI;1
210210;PUNO;AZANGARO;SAMAN;1
210211;PUNO;AZANGARO;SAN ANTON;1
210212;PUNO;AZANGARO;SAN JOSE;1
210213;PUNO;AZANGARO;SAN JUAN DE SALINAS;1
210214;PUNO;AZANGARO;SANTIAGO DE PUPUJA;1
210215;PUNO;AZANGARO;TIRAPATA;1
210301;PUNO;CARABAYA;MACUSANI;1
210302;PUNO;CARABAYA;AJOYANI;1
210303;PUNO;CARABAYA;AYAPATA;1
210304;PUNO;CARABAYA;COASA;1
210305;PUNO;CARABAYA;CORANI;1
210306;PUNO;CARABAYA;CRUCERO;1
210307;PUNO;CARABAYA;ITUATA;1
210308;PUNO;CARABAYA;OLLACHEA;1
210309;PUNO;CARABAYA;SAN GABAN;1
210310;PUNO;CARABAYA;USICAYOS;1
210401;PUNO;CHUCUITO;JULI;1
210402;PUNO;CHUCUITO;DESAGUADERO;1
210403;PUNO;CHUCUITO;HUACULLANI;1
210405;PUNO;CHUCUITO;PISACOMA;1
210406;PUNO;CHUCUITO;POMATA;1
210407;PUNO;CHUCUITO;ZEPITA;1
210404;PUNO;CHUCUITO;KELLUYO;1
210601;PUNO;HUANCANE;HUANCANE;1
210602;PUNO;HUANCANE;COJATA;1
210604;PUNO;HUANCANE;INCHUPALLA;1
210605;PUNO;HUANCANE;PUSI;1
210606;PUNO;HUANCANE;ROSASPATA;1
210607;PUNO;HUANCANE;TARACO;1
210608;PUNO;HUANCANE;VILQUE CHICO;1
210603;PUNO;HUANCANE;HUATASANI;1
210701;PUNO;LAMPA;LAMPA;1
210702;PUNO;LAMPA;CABANILLA;1
210703;PUNO;LAMPA;CALAPUJA;1
210704;PUNO;LAMPA;NICASIO;1
210705;PUNO;LAMPA;OCUVIRI;1
210706;PUNO;LAMPA;PALCA;1
210707;PUNO;LAMPA;PARATIA;1
210708;PUNO;LAMPA;PUCARA;1
210709;PUNO;LAMPA;SANTA LUCIA;1
210710;PUNO;LAMPA;VILAVILA;1
210801;PUNO;MELGAR;AYAVIRI;1
210802;PUNO;MELGAR;ANTAUTA;1
210803;PUNO;MELGAR;CUPI;1
210804;PUNO;MELGAR;LLALLI;1
210805;PUNO;MELGAR;MACARI;1
210806;PUNO;MELGAR;NU—OA;1
210807;PUNO;MELGAR;ORURILLO;1
210808;PUNO;MELGAR;SANTA ROSA;1
210809;PUNO;MELGAR;UMACHIRI;1
211201;PUNO;SANDIA;SANDIA;1
211202;PUNO;SANDIA;CUYOCUYO;1
211203;PUNO;SANDIA;LIMBANI;1
211205;PUNO;SANDIA;PHARA;1
211204;PUNO;SANDIA;PATAMBUCO;1
211206;PUNO;SANDIA;QUIACA;1
211207;PUNO;SANDIA;SAN JUAN DEL ORO;1
211208;PUNO;SANDIA;YANAHUAYA;1
211209;PUNO;SANDIA;ALTO INAMBARI;1
211210;PUNO;SANDIA;SAN PEDRO DE PUTINA PUNCO;1
211101;PUNO;SAN ROMAN;JULIACA;1
211102;PUNO;SAN ROMAN;CABANA;1
211103;PUNO;SAN ROMAN;CABANILLAS;1
211104;PUNO;SAN ROMAN;CARACOTO;1
211301;PUNO;YUNGUYO;YUNGUYO;1
211307;PUNO;YUNGUYO;UNICACHI;1
211302;PUNO;YUNGUYO;ANAPIA;1
211303;PUNO;YUNGUYO;COPANI;1
211304;PUNO;YUNGUYO;CUTURAPI;1
211305;PUNO;YUNGUYO;OLLARAYA;1
211306;PUNO;YUNGUYO;TINICACHI;1
211001;PUNO;SAN ANTONIO DE PUTINA;PUTINA;1
211003;PUNO;SAN ANTONIO DE PUTINA;PEDRO VILCA APAZA;1
211004;PUNO;SAN ANTONIO DE PUTINA;QUILCAPUNCU;1
211002;PUNO;SAN ANTONIO DE PUTINA;ANANEA;1
211005;PUNO;SAN ANTONIO DE PUTINA;SINA;1
210501;PUNO;EL COLLAO;ILAVE;1
210503;PUNO;EL COLLAO;PILCUYO;1
210504;PUNO;EL COLLAO;SANTA ROSA;1
210502;PUNO;EL COLLAO;CAPASO;1
210505;PUNO;EL COLLAO;CONDURIRI;1
210901;PUNO;MOHO;MOHO;1
210902;PUNO;MOHO;CONIMA;1
210904;PUNO;MOHO;TILALI;1
210903;PUNO;MOHO;HUAYRAPATA;1
220101;SAN MARTIN;MOYOBAMBA;MOYOBAMBA;1
220102;SAN MARTIN;MOYOBAMBA;CALZADA;1
220103;SAN MARTIN;MOYOBAMBA;HABANA;1
220104;SAN MARTIN;MOYOBAMBA;JEPELACIO;1
220105;SAN MARTIN;MOYOBAMBA;SORITOR;1
220106;SAN MARTIN;MOYOBAMBA;YANTALO;1
220401;SAN MARTIN;HUALLAGA;SAPOSOA;1
220404;SAN MARTIN;HUALLAGA;PISCOYACU;1
220405;SAN MARTIN;HUALLAGA;SACANCHE;1
220406;SAN MARTIN;HUALLAGA;TINGO DE SAPOSOA;1
220402;SAN MARTIN;HUALLAGA;ALTO SAPOSOA;1
220403;SAN MARTIN;HUALLAGA;EL ESLABON;1
220501;SAN MARTIN;LAMAS;LAMAS;1
220503;SAN MARTIN;LAMAS;BARRANQUITA;1
220504;SAN MARTIN;LAMAS;CAYNARACHI;1
220505;SAN MARTIN;LAMAS;CU—UMBUQUI;1
220506;SAN MARTIN;LAMAS;PINTO RECODO;1
220507;SAN MARTIN;LAMAS;RUMISAPA;1
220509;SAN MARTIN;LAMAS;SHANAO;1
220510;SAN MARTIN;LAMAS;TABALOSOS;1
220511;SAN MARTIN;LAMAS;ZAPATERO;1
220502;SAN MARTIN;LAMAS;ALONSO DE ALVARADO;1
220508;SAN MARTIN;LAMAS;SAN ROQUE DE CUMBAZA;1
220601;SAN MARTIN;MARISCAL CACERES;JUANJUI;1
220602;SAN MARTIN;MARISCAL CACERES;CAMPANILLA;1
070107;CALLAO;CALLAO;MI PERU;1
050116;AYACUCHO;HUAMANGA;ANDRES AVELINO CACERES D.;1
050409;AYACUCHO;HUANTA;CANAYRE;1
050510;AYACUCHO;LA MAR;ANCHIHUAY;1
160801;LORETO;PUTUMAYO;PUTUMAYO;1
100608;HUANUCO;LEONCIO PRADO;CASTILLO GRANDE;1
100704;HUANUCO;MARA—ON;LA MORADA;1
100607;HUANUCO;LEONCIO PRADO;PUCAYACU;1
030220;APURIMAC;ANDAHUAYLAS;JOSE MARIA ARGUEDAS;1
050410;AYACUCHO;HUANTA;UCHURACCAY;1
080911;CUSCO;LA CONVENCION;INKAWASI;1
080912;CUSCO;LA CONVENCION;VILLA VIRGEN;1
090719;HUANCAVELICA;TAYACAJA;QUICHUAS;1
090720;HUANCAVELICA;TAYACAJA;ANDAYMARCA;1
160802;LORETO;PUTUMAYO;ROSA PANDURO;1
160803;LORETO;PUTUMAYO;TENIENTE MANUEL CLAVERO;1
160804;LORETO;PUTUMAYO;YAGUAS;1
250304;UCAYALI;PADRE ABAD;NESHUYA;1
250305;UCAYALI;PADRE ABAD;ALEXANDER VON HUMBOLDT;1
100609;HUANUCO;LEONCIO PRADO;PUEBLO NUEVO;1
030611;APURIMAC;CHINCHEROS;LOS CHANKAS;1
100610;HUANUCO;LEONCIO PRADO;SANTO DOMINGO DE ANDA;1
090723;HUANCAVELICA;TAYACAJA;SANTIAGO DE TUCUMA;1
211105;PUNO;SAN ROMAN;SAN MIGUEL;1
080914;CUSCO;LA CONVENCION;MEGANTONI;1
050511;AYACUCHO;LA MAR;ORONCCOY;1
230111;TACNA;TACNA;LA YARADA LOS PALOS;1
050411;AYACUCHO;HUANTA;PUCACOLPA;1
100113;HUANUCO;HUANUCO;SAN PABLO DE PILLAO;1
030609;APURIMAC;CHINCHEROS;ROCCHACC;1
030610;APURIMAC;CHINCHEROS;EL PORVENIR;1
050412;AYACUCHO;HUANTA;CHACA;1
080913;CUSCO;LA CONVENCION;VILLA KINTIARINA;1
090721;HUANCAVELICA;TAYACAJA;ROBLE;1
090722;HUANCAVELICA;TAYACAJA;PICHOS;1
100705;HUANUCO;MARA—ON;SANTA ROSA DE ALTO YANAJANCA;1
120609;JUNIN;SATIPO;VIZCAT√ÅN DEL ENE;1
030612;APURIMAC;CHINCHEROS;AHUAYRO;1
050413;AYACUCHO;HUANTA;PUTIS;1
050512;AYACUCHO;LA MAR;UNION PROGRESO;1
080915;CUSCO;LA CONVENCION;KUMPIRUSHIATO;1
090724;HUANCAVELICA;TAYACAJA;COCHABAMBA;1
221006;SAN MARTIN;TOCACHE;SANTA LUCIA;1
250306;UCAYALI;PADRE ABAD;BOQUERON;1
250307;UCAYALI;PADRE ABAD;HUIPOCA;1
