nombre_correcto;siglas;codigo_inei;fecha_constitucion;fecha_autorizacion;numero_resolucion;direccion_legal;telefono;correo_institucional;referencia_logo;activo;tipo_autorizacion_id;tipo_gestion;ubigeo_id;ubi;tipo_entidad_id;encontro
PONTIFICIA UNIVERSIDAD CATÓLICA DEL PERÚ;PUCP;260000008;19170324;20160705;;Av. Universitaria N° 1801;;;;1;1;2;140127;140127;1;#N/D
UNIVERSIDAD ANDINA DEL CUSCO;UAC;260000039;19840523;20171228;;Urb. Ingeniería Larapa Grande A-7, San Jerónimo;;;;1;1;2;070104;070104;1;070104
UNIVERSIDAD ANTONIO RUIZ DE MONTOYA;UARM;260000080;20030305;20170602;;Av. Paso De Los Andes 970;;;;1;1;2;140117;140117;1;140117
UNIVERSIDAD AUTÓNOMA DE ICA S.A.C.;AUTONOMADEICA;26000087A;20060529;20200612;;Carretera Central km. 1.21, Tingo María;;;;1;1;2;100201;100201;1;100201
UNIVERSIDAD AUTÓNOMA DEL PERÚ S.A.C.;UA;260000096;20071212;20180730;;Carretera Panamericana Sur Km 16.3, Manzana A, Lote 06;;;;1;1;2;140141;140141;1;#N/D
UNIVERSIDAD CATÓLICA DE TRUJILLO BENEDICTO XVI;UCT;26000074A;20001113;20190225;;Carretera Panamericana Km 555;;;;1;1;2;120104;120104;1;120104
UNIVERSIDAD CATÓLICA LOS ÁNGELES DE CHIMBOTE;ULADECH;26000053A;19850610;;;Jr. Leoncio Prado N° 433-447-449 - Casco Urbano;;;;1;1;2;021801;021801;1;021801
UNIVERSIDAD CATÓLICA SAN PABLO;UCSP;260000062;19970110;20171021;;Urb. Campiña Paisajista S/N Quinta Vivanco;;;;1;1;2;040101;040101;1;040101
UNIVERSIDAD CATÓLICA DE SANTA MARÍA;UCSM;260000015;19611206;20180104;;Urb San José S/N;;;;1;1;2;040101;040101;1;040101
UNIVERSIDAD CATÓLICA SANTO TORIBIO DE MOGROVEJO;USAT;260000069;19981014;20180323;;Av. San Josemaría Escrivá De Balaguer Nro. 855;;;;1;1;2;130101;130101;1;130101
UNIVERSIDAD CATÓLICA SEDES SAPIENTIAE;UCSS;260000071;19980531;20180913;;Jirón Constelaciones Y Sol De Oro S/N, Urb. Sol De Oro;;;;1;1;2;140142;140142;1;#N/D
UNIVERSIDAD CÉSAR VALLEJO S.A.C.;UCV;260000052;19911112;20190611;;Av. Larco Num 1770 Urb. 5Ta Etapa San Andrés, Trujillo (Partida Registral 03117476);;;;1;1;2;120107;120107;1;120107
UNIVERSIDAD CIENTÍFICA DEL SUR S.A.C.;UCSUR;260000068;19980205;20180508;;Carretera Panamericana Sur Km 19 Lote B;;;;1;1;2;140141;140141;1;#N/D
UNIVERSIDAD CONTINENTAL S.A.C.;UCONTINENTAL;26000067A;19980630;20180814;;Av. San Carlos N° 1980;;;;1;1;2;110101;110101;1;110101
ASOCIACIÓN CIVIL UNIVERSIDAD DE CIENCIAS Y HUMANIDADES;UCH;260000097;20061216;20171120;;Av. Universitaria Norte 5175;;;;1;1;2;140142;140142;1;#N/D
UNIVERSIDAD DE HUÁNUCO;UDH;260000047;19890619;20190607;;Jr. Hermilio Valdizán N° 871;;;;1;1;2;090101;090101;1;090101
UNIVERSIDAD DE LIMA;UL;260000018;19620425;20160711;;Av. Javier Prado Este Cuadra 46 S/N;;;;1;1;2;140130;140130;1;#N/D
UNIVERSIDAD DE PIURA;UDEP;260000029;19680602;20170126;;Av. Ramón Mugica 131, Urb. San Eduardo, Piura.;;;;1;1;2;190101;190101;1;190101
UNIVERSIDAD DE SAN MARTÍN DE PORRES;USMP;260000019;19620517;20170810;;Jr. Las Calandrias N° 151–291;;;;1;1;2;140143;140143;1;#N/D
UNIVERSIDAD FEMENINA DEL SAGRADO CORAZÓN;UNIFE;260000020;19621224;20161215;;Av. Los Frutales 954;;;;1;1;2;140110;140110;1;140110
UNIVERSIDAD LE CORDON BLEU S.A.C.;ULCB;260000104;20090508;20181119;;Av. Salaverry 3180-3184;;;;1;1;2;140114;140114;1;140114
UNIVERSIDAD MARCELINO CHAMPAGNAT;UMCH;260000049;19900105;20171011;;Av. Mariscal Castilla 1270;;;;1;1;2;140130;140130;1;#N/D
UNIVERSIDAD MARÍA AUXILIADORA S.A.C.;UMA;260000136;20111222;20181022;;Av. Canto Bello 431/Av. Canto Bello 441;;;;1;1;2;140137;140137;1;#N/D
UNIVERSIDAD NACIONAL AMAZÓNICA DE MADRE DE DIOS;UNAMD;160000075;20000705;20191014;;Av. Jorge Chavez N° 1160;;;;1;1;1;160101;160101;1;160101
UNIVERSIDAD NACIONAL AUTÓNOMA ALTOANDINA DE TARMA;UNAAT;160000127;20110114;20181022;;Jirón Malecón Gálvez N° 2202;;;;1;1;1;110501;110501;1;110501
UNIVERSIDAD NACIONAL AUTÓNOMA DE CHOTA;UNACH;160000120;20100511;20181212;;Colpamatara;;;;1;1;1;060601;060601;1;060601
UNIVERSIDAD NACIONAL AUTÓNOMA DE TAYACAJA DANIEL HERNÁNDEZ MORILLO;UNAT;160000138;20110622;20190219;;Via A Rundo S/N;;;;1;1;1;080509;080509;1;#N/D
UNIVERSIDAD NACIONAL DANIEL ALCIDES CARRIÓN;UNDAC;160000026;19650423;20190822;;Av. Daniel Alcides Carrión S/N;;;;1;1;1;180114;180114;1;#N/D
UNIVERSIDAD NACIONAL DE BARRANCA;UNAB;160000121;20100706;20180530;;Av. Toribio Luzuriaga N° 376, Mz J - Urbanización La Florida / Av. Ancash S/N, Mz J / Calle José De San Martín S/N, Mz J;;;;1;1;1;140901;140901;1;#N/D
UNIVERSIDAD NACIONAL DE CAJAMARCA;UNC;160000016;19620213;20180723;;Av.Atahualpa 1050;;;;1;1;1;060101;060101;1;060101
UNIVERSIDAD NACIONAL DE EDUCACIÓN ENRIQUE GUZMÁN Y VALLE;UNE;160000025;19650423;20191213;;Av. Enrique Guzman Y Val Nro. 951. Urb. La Cantuta;;;;1;1;1;140112;140112;1;140112
UNIVERSIDAD NACIONAL DE HUANCAVELICA;UNH;160000051;19900620;20190703;;Av. Agricultura Nº 319 Y 321 Del Sector Denominado Paturpampa;;;;1;1;1;080101;080101;1;080101
UNIVERSIDAD NACIONAL DE INGENIERÍA;UNI;160000006;18760318;20171128;;Av Tupac Amaru 210;;;;1;1;1;140122;140122;1;#N/D
UNIVERSIDAD NACIONAL DE JAÉN;UNJ;160000101;20081212;20180119;;Jr. Cuzco N° 250;;;;1;1;1;060801;060801;1;060801
UNIVERSIDAD NACIONAL DE LA AMAZONÍA PERUANA;UNAP;160000011;19610114;20190207;;Nuevo San Lorenzo- San Lorenzo , Calle Los Paujiles S/N;;;;1;1;1;150113;150113;1;150113
UNIVERSIDAD NACIONAL DE PIURA;UNP;160000013;19610303;20190508;;Carretera Caserío Miraflores S/N Y Campus Universitario S/N Urb. Miraflores Castilla-Piura;;;;1;1;1;190103;190103;1;190103
UNIVERSIDAD NACIONAL DE SAN AGUSTÍN DE AREQUIPA;UNSA;160000005;18281111;20180827;;Avenida Independencia -Avenida Venezuela;;;;1;1;1;040101;040101;1;040101
UNIVERSIDAD NACIONAL DE SAN MARTÍN;UNSM;160000034;19791218;20190506;;Jr. Amonarca N° 334;;;;1;1;1;210601;210601;1;210601
UNIVERSIDAD NACIONAL DE TRUJILLO;UNT;160000004;18240510;20180921;;Fundo San Andrés-Av. Juan Pablo Ii S/N;;;;1;1;1;120101;120101;1;120101
UNIVERSIDAD NACIONAL DE TUMBES;UNTUMBES;160000041;19840623;20191203;;Av Universitaria S/N Pampa Grande;;;;1;1;1;230101;230101;1;230101
UNIVERSIDAD NACIONAL DE UCAYALI;UNU;160000035;19791218;20181119;;Carretera Federico Basadre Km 6.200;;;;1;1;1;250101;250101;1;250101
UNIVERSIDAD NACIONAL DEL ALTIPLANO;UNA;160000012;18560829;20180105;;Av. Floral N° 1153;;;;1;1;1;200101;200101;1;200101
UNIVERSIDAD NACIONAL DEL CALLAO;UNAC;160000027;19660902;20191224;;Av. Juan Pablo Ii N°300 - 306 (Ex Fundo Aguilar, Av. Prolongacion Sta Rosa S/N, Av. Sta. Rosa B4 09, Av. Sta. Rosa Mz C4 Lt02);;;;1;1;1;240102;240102;1;240102
UNIVERSIDAD NACIONAL DEL CENTRO DEL PERÚ;UNCP;160000010;19591216;20190304;;Av. Mariscal Castilla N° 3909 - 4089;;;;1;1;1;110113;110113;1;110113
UNIVERSIDAD NACIONAL DEL SANTA;UNS;160000042;19841220;20190314;;Av. Universitaria S/N;;;;1;1;1;021309;021309;1;#N/D
UNIVERSIDAD NACIONAL FEDERICO VILLARREAL;UNFV;160000021;19631030;20200311;;Av.Nicolas De Pierola Nº 347-351-355 / Jr. Moquegua 651-653;;;;1;1;1;140101;140101;1;140101
UNIVERSIDAD NACIONAL HERMILIO VALDIZÁN DE HUÁNUCO;UNHEVAL;160000023;19640221;20190731;;Av. Universitaria 601-607-Cayhuayna;;;;1;1;1;090111;090111;1;090111
UNIVERSIDAD NACIONAL JORGE BASADRE GROHMANN;UNJBG;160000032;19710826;20180618;;Av. Miraflores Y Av. Cuzco S/N;;;;1;1;1;220101;220101;1;220101
UNIVERSIDAD NACIONAL JOSÉ FAUSTINO SÁNCHEZ CARRIÓN;UNJFSC;160000028;19681231;20200128;;Av. Mercedes Indacochea N° 609 - Puerta 01;;;;1;1;1;140501;140501;1;#N/D
UNIVERSIDAD NACIONAL MAYOR DE SAN MARCOS;UNMSM;160000001;15510512;20180410;;Calle Germán Amézaga Nº 375;;;;1;1;1;140101;140101;1;140101
UNIVERSIDAD NACIONAL MICAELA BASTIDAS DE APURÍMAC;UNAMBA;160000077;20000926;;;Sector De Aychahuacso;;;;1;1;1;030109;030109;1;030109
UNIVERSIDAD NACIONAL PEDRO RUIZ GALLO;UNPRG;160000031;19700317;20230608;;Calle Juan Xxiii 391;;;;1;1;1;130301;130301;1;130301
UNIVERSIDAD NACIONAL DE SAN CRISTÓBAL DE HUAMANGA;UNSCH;160000002;16770703;20180601;;Av. Independencia N° 8;;;;1;1;1;050101;050101;1;050101
UNIVERSIDAD NACIONAL SAN LUIS GONZAGA;UNICA;160000009;19551220;20220114;;Av. Los Maestros S/N - Ciudad Universitaria;;;;1;1;1;100101;100101;1;100101
UNIVERSIDAD NACIONAL SANTIAGO ANTÚNEZ DE MAYOLO;UNASAM;160000033;19770524;20190103;;Av. Universitaria S/N;;;;1;1;1;020102;020102;1;020102
UNIVERSIDAD NACIONAL TORIBIO RODRÍGUEZ DE MENDOZA DE AMAZONAS;UNTRMA;160000076;20000918;20170927;;Calle Higos Urco N° 342-350-356 Y Calle Universitaria N° 304;;;;1;1;1;010101;010101;1;010101
UNIVERSIDAD PERUANA CAYETANO HEREDIA;UPCH;260000014;19610922;20160726;;Av. Honorio Delgado N° 430, Urb. Ingenieria S.M.P;;;;1;1;2;140126;140126;1;#N/D
UNIVERSIDAD PERUANA DE CIENCIAS APLICADAS S.A.C.;UPC;260000054;19940105;20171005;;Av. Alonso De Molina Nº 1611 Urb. Lima Polo And Hunt Club / Av. Prolongación Primavera Nº 2390 / Jr. Jose Nicolas Rodrigo N° 440-490 / Av. Primavera N° 2482 / Calle Los Ficus N° 136-191;;;;1;1;2;140130;140130;1;#N/D
UNIVERSIDAD PERUANA DEL CENTRO;UPECEN;260000102;20090311;20240718;;Jr Moquegua 474;;;;1;1;2;110101;110101;1;110101
UNIVERSIDAD PERUANA LOS ANDES;UPLA;260000037;19831230;20200218;;Av. Mártires Del Periodismo N°2008-2040-2060-2080, Jr. Ciro Alegria N°215, Calle Las Estrellas N°105-115, Calle Neptuno N°100-150 Y Calle Los Andes N°125;;;;1;1;2;110101;110101;1;110101
UNIVERSIDAD PERUANA UNIÓN;UPeU;260000038;19831230;20180611;;Acumulación De Los Lotes N° 27, 27-A, 28, 28-A, 29, 29-A, 30, 31, 31-A, 32 Y De La Ladera San Pascual, De La Lotización Del Ex Fundo Ñaña;;;;1;1;2;140112;140112;1;140112
UNIVERSIDAD PRIVADA ANTENOR ORREGO;UPAO;260000046;19880726;20180403;;Av. América Sur 3145 Monserrate;;;;1;1;2;120101;120101;1;120101
UNIVERSIDAD PRIVADA DE HUANCAYO FRANKLIN ROOSEVELT S.A.C.;UROOSEVELT;260000105;20091120;20190612;;Av. Giraldez N° 542-550;;;;1;1;2;110101;110101;1;110101
UNIVERSIDAD PRIVADA DE TACNA;UPT;260000043;19850103;20171130;;Calle 28 De Agosto N° 275;;;;1;1;2;220109;220109;1;#N/D
UNIVERSIDAD PRIVADA DEL NORTE S.A.C.;UPN;260000055;19940103;20171113;;Av. Ejercito 920 - 940 Urbanización El Molino;;;;1;1;2;120101;120101;1;120101
UNIVERSIDAD PRIVADA NORBERT WIENER S.A.;UWIENER;260000061;19961209;20191211;;Jiron Larrabure Y Unanue N° 100;;;;1;1;2;140101;140101;1;140101
UNIVERSIDAD PRIVADA SAN JUAN BAUTISTA S.A.C.;UPSJB;260000064;19970319;20191107;;Sub Lote A Con Frente Al Parque Público, Urbanización Parte Del Fundo Villa Denominado Lotización San Juan Bautista De Villa - Chorrillos;;;;1;1;2;140108;140108;1;140108
UNIVERSIDAD RICARDO PALMA;URP;260000030;19690701;20161230;;Av. Benavides 5440;;;;1;1;2;140130;140130;1;#N/D
UNIVERSIDAD NACIONAL DE SAN ANTONIO ABAD DEL CUSCO;UNSAAC;160000003;16920601;20190507;;Av. De La Cultura Nº 733;;;;1;1;1;070101;070101;1;070101
UNIVERSIDAD SAN IGNACIO DE LOYOLA S.R.L.;USIL;260000057;19951207;20171009;;Av. La Fontana 550;;;;1;1;2;140110;140110;1;140110
UNIVERSIDAD SEÑOR DE SIPÁN S.A.C.;USS;260000072;19990705;20200103;;Sector La La Garita De Pimentel, Sector La Garita / Parcela Frente A Linea De Ferrocarr. A Pimentel;;;;1;1;2;130110;130110;1;130110
UNIVERSIDAD TECNOLÓGICA DE LOS ANDES;UTEA;260000040;19840607;20200229;;Av. Perú N° 700;;;;1;1;2;030101;030101;1;030101
UNIVERSIDAD TECNOLÓGICA DEL PERÚ S.A.C.;UTP;260000065;19970908;20190612;;Av.Abel Bergasse Du Petit Thouars 114 Y 116 Urb. Santa Beatriz;;;;1;1;2;140101;140101;1;140101
